SALE TYPE,SOLD DATE,PROPERTY TYPE,ADDRESS,CITY,STATE OR PROVINCE,ZIP OR POSTAL CODE,PRICE,BEDS,BATHS,LOCATION,SQUARE FEET,LOT SIZE,YEAR BUILT,DAYS ON MARKET,$/SQUARE FEET,HOA/MONTH,STATUS,NEXT OPEN HOUSE START TIME,NEXT OPEN HOUSE END TIME,URL (SEE http://www.redfin.com/buy-a-home/comparative-market-analysis FOR INFO ON PRICING),SOURCE,MLS#,FAVORITE,INTERESTED,LATITUDE,LONGITUDE
MLS Listing,,Condo/Co-op,154 Lombard St #57,San Francisco,CA,94111,1090000,2,2.5,San Francisco,1274,,1975,10,856,1209,Active,,,http://www.redfin.com/CA/San-Francisco/154-Lombard-St-94111/unit-57/home/1019348,San Francisco MLS,421568264,N,Y,37.8042699,-122.4038378
MLS Listing,,Condo/Co-op,860 Kansas St #2,San Francisco,CA,94107,1398000,3,2.0,San Francisco,,2500,1907,12,,268,Active,,,http://www.redfin.com/CA/San-Francisco/860-Kansas-St-94107/unit-2/home/1169187,San Francisco MLS,421567465,N,Y,37.7587628,-122.4033217
MLS Listing,,Condo/Co-op,50 Lansing St #313,San Francisco,CA,94105,699000,1,1.0,San Francisco,789,,2006,15,886,816,Active,,,http://www.redfin.com/CA/San-Francisco/50-Lansing-St-94105/unit-313/home/22886093,San Francisco MLS,421565251,N,Y,37.786127,-122.3942141
MLS Listing,,Condo/Co-op,25 Sierra St Unit E201,San Francisco,CA,94107,1350000,3,2.0,San Francisco,1372,48750,2006,18,984,837,Active,,,http://www.redfin.com/CA/San-Francisco/25-Sierra-St-94107/unit-E201/home/12402479,San Francisco MLS,421564078,N,Y,37.7581766,-122.3957327
MLS Listing,,Single Family Residential,1201 Palou Ave,SAN FRANCISCO,CA,94124,850000,3,1.0,SAN FRANCISCO,1200,2625,1907,20,708,,Active,,,http://www.redfin.com/CA/San-Francisco/1201-Palou-Ave-94124/home/1981183,MLSListings,ML81849212,N,Y,37.7296499,-122.3837545
MLS Listing,,Condo/Co-op,1117 Ocean Ave #308,San Francisco,CA,94112,1198000,3,2.5,San Francisco,1450,7642,2005,32,826,705,Active,,,http://www.redfin.com/CA/San-Francisco/1117-Ocean-Ave-94112/unit-308/home/12278050,San Francisco MLS,421559724,N,Y,37.723237,-122.4545155
MLS Listing,,Multi-Family (2-4 Unit),22 30th St,San Francisco,CA,94110,998000,3,2.0,San Francisco,1604,801,1907,35,622,,Active,,,http://www.redfin.com/CA/San-Francisco/22-30th-St-94110/home/808517,San Francisco MLS,421558100,N,Y,37.7424885,-122.422707
MLS Listing,,Condo/Co-op,900 Bush St #516,San Francisco,CA,94109,799000,2,2.0,San Francisco,853,,,41,937,1100,Active,,,http://www.redfin.com/CA/San-Francisco/900-Bush-St-94109/unit-516/home/950673,San Francisco MLS,421554245,N,Y,37.7899069,-122.4123875
MLS Listing,,Condo/Co-op,388 Fulton St #405,SAN FRANCISCO,CA,94102,898000,2,1.0,SAN FRANCISCO,720,,2016,63,1247,639,Active,,,http://www.redfin.com/CA/San-Francisco/388-Fulton-St-94102/unit-405/home/105419644,MLSListings,ML81842102,N,Y,37.7790326,-122.4231449
MLS Listing,,Condo/Co-op,248 Myrtle St,San Francisco,CA,94109,840000,2,1.0,San Francisco,975,3828,1900,64,862,461,Active,,,http://www.redfin.com/CA/San-Francisco/248-Myrtle-St-94109/home/1491675,San Francisco MLS,421544867,N,Y,37.7852487,-122.4221514
MLS Listing,,Condo/Co-op,250 King St #880,San Francisco,CA,94107,1195000,2,2.0,San Francisco,1142,213232,2004,1,1046,1053,Active,,,http://www.redfin.com/CA/San-Francisco/250-King-St-94107/unit-880/home/22889657,San Francisco MLS,421567253,N,Y,37.7781222,-122.3932903
MLS Listing,,Townhouse,99 Summit Way,San Francisco,CA,94132,1380000,3,4.5,San Francisco,2024,1791,2015,1,682,306,Active,July-10-2021 02:00 PM,July-10-2021 04:00 PM,http://www.redfin.com/CA/San-Francisco/99-Summit-Way-94132/home/109315495,San Francisco MLS,421568554,N,Y,37.715169,-122.4753267
MLS Listing,,Condo/Co-op,125 Precita Ave,San Francisco,CA,94110,895000,3,1.0,San Francisco,1135,,,1,789,422,Active,July-6-2021 02:00 PM,July-6-2021 03:30 PM,http://www.redfin.com/CA/San-Francisco/125-Precita-Ave-94110/home/755332,San Francisco MLS,421570497,N,Y,37.7471097,-122.4178364
MLS Listing,,Single Family Residential,193 Brewster St,San Francisco,CA,94,2595000,4,3.5,San Francisco,2747,1750,2016,1,945,,Active,,,http://www.redfin.com/CA/San-Francisco/193-Brewster-St-94110/home/110063736,San Francisco MLS,421563942,N,Y,37.743617,-122.4073381
MLS Listing,,Condo/Co-op,225 Bay St #204,SAN FRANCISCO,CA,94133,699000,1,1.0,SAN FRANCISCO,500,,1979,1,1398,450,Active,,,http://www.redfin.com/CA/San-Francisco/225-Bay-St-94133/unit-204/home/538007,MLSListings,ML81852009,N,Y,37.805646,-122.411069
MLS Listing,,Condo/Co-op,475 Alvarado St #2,San Francisco,CA,94114,1950000,3,3.0,San Francisco,,,1950,1,,1,Active,July-7-2021 05:30 PM,July-7-2021 07:00 PM,http://www.redfin.com/CA/San-Francisco/475-Alvarado-St-94114/unit-2/home/175598192,San Francisco MLS,421569614,N,Y,37.7536699,-122.431539
MLS Listing,,Condo/Co-op,127 - A Precita Ave,San Francisco,CA,94110,1595000,4,2.5,San Francisco,2305,,,1,692,709,Active,July-6-2021 02:00 PM,July-6-2021 03:30 PM,http://www.redfin.com/CA/San-Francisco/127a-Precita-Ave-94110/home/175251918,San Francisco MLS,421570485,N,Y,37.747026,-122.417774
MLS Listing,,Condo/Co-op,720 Gough St #41,San Francisco,CA,94102,1085000,2,2.0,San Francisco,1522,17050,1985,1,713,824,Active,July-8-2021 05:00 PM,July-8-2021 06:30 PM,http://www.redfin.com/CA/San-Francisco/720-Gough-St-94102/unit-41/home/578865,San Francisco MLS,421546580,N,Y,37.7800203,-122.4233219
MLS Listing,,Condo/Co-op,821 Folsom #310,San Francisco,CA,94107,779000,1,1.0,San Francisco,717,,,1,1086,561,Active,,,http://www.redfin.com/CA/San-Francisco/821-Folsom-St-94107/unit-310/home/12401830,San Francisco MLS,421570290,N,Y,37.7814547,-122.4014635
MLS Listing,,Single Family Residential,462 Mangels Ave,San Francisco,CA,94127,895000,3,1.0,San Francisco,1050,3600,1904,1,852,,Active,,,http://www.redfin.com/CA/San-Francisco/462-Mangels-Ave-94127/home/698779,San Francisco MLS,421570028,N,Y,37.7332939,-122.4480586
MLS Listing,,Condo/Co-op,355 1st St Unit S905,San Francisco,CA,94105,799000,1,1.0,San Francisco,694,,2004,1,1151,839,Active,,,http://www.redfin.com/CA/San-Francisco/355-1st-St-94105/unit-S905/home/2028647,San Francisco MLS,421570426,N,Y,37.7868803,-122.3934978
MLS Listing,,Townhouse,175 Avocet Way,San Francisco,CA,94124,980000,3,2.5,San Francisco,1415,,2016,1,693,1,Active,,,http://www.redfin.com/CA/San-Francisco/175-Avocet-Way-94124/home/92206998,San Francisco MLS,421570437,N,Y,37.728378,-122.3688489
MLS Listing,,Multi-Family (2-4 Unit),638 5Th Ave,San Francisco,CA,94118,2800000,5,4.5,San Francisco,4201,2996,1907,1,667,,Active,,,http://www.redfin.com/CA/San-Francisco/638-5th-Ave-94118/home/620827,"bridgeMLS, Bay East AOR, or Contra Costa AOR",40956424,N,Y,37.7765693,-122.4627591
MLS Listing,,Multi-Family (2-4 Unit),348 - 352 Chestnut St,SAN FRANCISCO,CA,94133,3400000,8,5.5,SAN FRANCISCO,4260,1999,1968,1,798,,Active,July-10-2021 01:00 PM,July-10-2021 04:00 PM,http://www.redfin.com/CA/San-Francisco/348-Chestnut-St-94133/home/1658287,MLSListings,ML81851946,N,Y,37.8044345,-122.4091265
MLS Listing,,Condo/Co-op,170 Pacific Ave #40,San Francisco,CA,94111,1085000,1,1.0,San Francisco,914,89586,1986,1,1187,914,Active,,,http://www.redfin.com/CA/San-Francisco/170-Pacific-Ave-94111/unit-40/home/1594129,San Francisco MLS,421568864,N,Y,37.7980036,-122.399181
MLS Listing,,Condo/Co-op,208 Grattan St,San Francisco,CA,94117,1195000,2,1.0,San Francisco,924,2495,1922,1,1293,300,Active,July-10-2021 02:00 PM,July-10-2021 04:00 PM,http://www.redfin.com/CA/San-Francisco/208-Grattan-St-94117/home/169567626,San Francisco MLS,421566746,N,Y,37.7639173,-122.4514019
MLS Listing,,Condo/Co-op,541 Divisadero St,San Francisco,CA,94117,1495500,2,2.0,San Francisco,1444,2656,1902,1,1036,485,Active,July-6-2021 11:00 AM,July-6-2021 12:30 PM,http://www.redfin.com/CA/San-Francisco/541-Divisadero-St-94117/home/52059129,San Francisco MLS,421570285,N,Y,37.7745818,-122.4379918
MLS Listing,,Condo/Co-op,8300 Oceanview Ter #312,San Francisco,CA,94132,629000,1,1.0,San Francisco,667,,2002,1,943,609,Active,July-10-2021 01:00 PM,July-10-2021 05:00 PM,http://www.redfin.com/CA/San-Francisco/8300-Oceanview-Ter-94132/unit-312/home/1057642,San Francisco MLS,421568085,N,Y,37.7097837,-122.4679725
MLS Listing,,Condo/Co-op,1688 Pine St Unit W610,San Francisco,CA,94109,899000,1,1.0,San Francisco,745,35482,2016,1,1207,673,Active,,,http://www.redfin.com/CA/San-Francisco/1688-Pine-St-94109/unit-W610/home/109240353,San Francisco MLS,421570281,N,Y,37.7895497,-122.4233697
MLS Listing,,Condo/Co-op,34 6th Ave,San Francisco,CA,94118,1195000,2,1.5,San Francisco,1467,3840,1907,1,815,,Active,July-8-2021 05:00 PM,July-8-2021 06:30 PM,http://www.redfin.com/CA/San-Francisco/34-6th-Ave-94118/home/860695,San Francisco MLS,421548334,N,Y,37.7875655,-122.464617
MLS Listing,,Condo/Co-op,778 Spruce St #2,San Francisco,CA,94118,1295000,2,2.0,San Francisco,1152,2509,1998,1,1124,300,Active,July-10-2021 02:00 PM,July-10-2021 04:00 PM,http://www.redfin.com/CA/San-Francisco/778-Spruce-St-94118/unit-2/home/939717,San Francisco MLS,421563489,N,Y,37.7806692,-122.4527172
MLS Listing,,Single Family Residential,2111 40th Ave,San Francisco,CA,94116,1295000,3,2.0,San Francisco,1342,1746,1947,1,965,,Active,July-6-2021 01:00 PM,July-6-2021 02:30 PM,http://www.redfin.com/CA/San-Francisco/2111-40th-Ave-94116/home/1403848,San Francisco MLS,421570105,N,Y,37.7473606,-122.4987844
MLS Listing,,Single Family Residential,333 Avila St,San Francisco,CA,94123,3495000,4,3.0,San Francisco,2763,3018,1924,1,1265,,Active,,,http://www.redfin.com/CA/San-Francisco/333-Avila-St-94123/home/560235,San Francisco MLS,421570120,N,Y,37.8043731,-122.4413493
MLS Listing,,Condo/Co-op,310 Townsend St #106,San Francisco,CA,94107,659000,1,1.0,San Francisco,689,16600,2006,1,956,490,Active,,,http://www.redfin.com/CA/San-Francisco/310-Townsend-St-94107/unit-106/home/17305578,San Francisco MLS,421566935,N,Y,37.7769445,-122.3956663
MLS Listing,,Condo/Co-op,4121 Cesar Chavez St #1,San Francisco,CA,94131,1988000,2,2.5,San Francisco,1552,5700,2008,1,1281,821,Active,July-8-2021 05:30 PM,July-8-2021 07:30 PM,http://www.redfin.com/CA/San-Francisco/4121-Cesar-Chavez-94131/unit-1/home/28939238,San Francisco MLS,421568615,N,Y,37.7471197,-122.4320692
MLS Listing,,Single Family Residential,522 Edinburgh St,San Francisco,CA,94112,995000,3,1.0,San Francisco,1375,2495,1911,1,724,,Active,July-6-2021 02:00 PM,July-6-2021 03:30 PM,http://www.redfin.com/CA/San-Francisco/522-Edinburgh-St-94112/home/779344,San Francisco MLS,421568511,N,Y,37.7209402,-122.4325029
MLS Listing,,Condo/Co-op,333 1st St Unit N305,San Francisco,CA,94105,898000,1,1.0,San Francisco,709,38571,2004,1,1267,863,Active,,,http://www.redfin.com/CA/San-Francisco/333-1st-St-94105/unit-N305/home/879352,San Francisco MLS,421555042,N,Y,37.7869502,-122.3938332
MLS Listing,,Condo/Co-op,580 Hayes St #405,San Francisco,CA,94102,999000,1,1.0,San Francisco,804,12020,2018,2,1243,690,Active,July-6-2021 11:00 AM,July-6-2021 12:30 PM,http://www.redfin.com/CA/San-Francisco/580-Hayes-St-94102/unit-405/home/167260950,San Francisco MLS,421563311,N,Y,37.7766718,-122.4260058
MLS Listing,,Condo/Co-op,199 New Montgomery St #202,San Francisco,CA,94105,795000,1,1.0,San Francisco,851,12848,2004,3,934,613,Active,,,http://www.redfin.com/CA/San-Francisco/199-New-Montgomery-St-94105/unit-202/home/12401436,San Francisco MLS,421570185,N,Y,37.7866287,-122.3991624
MLS Listing,,Condo/Co-op,249 Shipley St #3,San Francisco,CA,94107,819000,1,1.5,Soma,892,892,1999,3,918,754,Active,,,http://www.redfin.com/CA/San-Francisco/249-Shipley-94107/unit-3/home/12396879,"bridgeMLS, Bay East AOR, or Contra Costa AOR",40955288,N,Y,37.7788907,-122.40378
MLS Listing,,Single Family Residential,2079 23Rd Ave,San Francisco,CA,94116,990000,3,2.0,Sunset,1200,3000,1943,3,825,,Active,,,http://www.redfin.com/CA/San-Francisco/2079-23rd-Ave-94116/home/1916533,"bridgeMLS, Bay East AOR, or Contra Costa AOR",40957176,N,Y,37.7488676,-122.4806563
MLS Listing,,Multi-Family (2-4 Unit),1174 Pacific Ave,San Francisco,CA,94133,2500000,6,,San Francisco,3375,1271,1923,3,741,,Active,,,http://www.redfin.com/CA/San-Francisco/1174-Pacific-Ave-94133/home/545890,San Francisco MLS,421569455,N,Y,37.7960846,-122.4145572
MLS Listing,,Condo/Co-op,601 Van Ness Ave #347,San Francisco,CA,94102,395000,0,1.0,San Francisco,490,105806,1982,4,806,850,Active,,,http://www.redfin.com/CA/San-Francisco/601-Van-Ness-Ave-94102/unit-347/home/1888198,San Francisco MLS,421569925,N,Y,37.7813653,-122.4215253
MLS Listing,,Single Family Residential,4254 Folsom St,San Francisco,CA,94110,1475000,3,2.0,San Francisco,1674,1751,1976,4,881,,Active,,,http://www.redfin.com/CA/San-Francisco/4254-Folsom-St-94110/home/1293702,San Francisco MLS,421569812,N,Y,37.7338055,-122.4139308
MLS Listing,,Condo/Co-op,400 Beale St #506,SAN FRANCISCO,CA,94105,899000,2,1.0,SAN FRANCISCO,1037,,2002,4,867,842,Active,July-6-2021 01:00 PM,July-6-2021 05:00 PM,http://www.redfin.com/CA/San-Francisco/400-Beale-St-94105/unit-506/home/1207461,MLSListings,ML81851756,N,Y,37.7870715,-122.3909973
MLS Listing,,Single Family Residential,4403 24th St,San Francisco,CA,94114,1995000,3,3.0,San Francisco,2170,2125,1895,4,919,,Active,,,http://www.redfin.com/CA/San-Francisco/4403-24th-St-94114/home/2034876,San Francisco MLS,421558282,N,Y,37.7507689,-122.4408595
MLS Listing,,Single Family Residential,99 Pope St,San Francisco,CA,94112,1098000,0,,San Francisco,1517,4800,1951,4,724,,Active,,,http://www.redfin.com/CA/San-Francisco/99-Pope-St-94112/home/795710,San Francisco MLS,421569811,N,Y,37.7140956,-122.4409955
MLS Listing,,Single Family Residential,427 Edinburgh St,San Francisco,CA,94112,1175000,4,2.0,San Francisco,1554,2495,1914,4,,,Active,,,http://www.redfin.com/CA/San-Francisco/427-Edinburgh-St-94112/home/1956071,MetroList,421569804,N,Y,37.7222359,-122.4309771
MLS Listing,,Multi-Family (2-4 Unit),1522 - 1524 8th Ave,San Francisco,CA,94122,1900000,3,2.0,San Francisco,2800,3000,1981,4,679,,Active,July-8-2021 09:00 AM,July-8-2021 10:00 AM,http://www.redfin.com/CA/San-Francisco/1522-8th-Ave-94122/home/1307150,San Francisco MLS,421564967,N,Y,37.7598857,-122.4646283
MLS Listing,,Single Family Residential,2590 Pine St,San Francisco,CA,94115,4850000,4,3.5,San Francisco,,2594,1885,4,,,Active,July-8-2021 05:00 PM,July-8-2021 07:00 PM,http://www.redfin.com/CA/San-Francisco/2590-Pine-St-94115/unit-1/home/2012650,San Francisco MLS,421569552,N,Y,37.7875471,-122.438474
MLS Listing,,Single Family Residential,69 Mill St,San Francisco,CA,94134,895000,4,2.5,San Francisco,1720,2500,1927,4,520,,Active,July-6-2021 02:00 PM,July-6-2021 03:30 PM,http://www.redfin.com/CA/San-Francisco/69-Mill-St-94134/home/782179,San Francisco MLS,421568702,N,Y,37.7186616,-122.4058112
MLS Listing,,Single Family Residential,639 21st Ave,San Francisco,CA,94121,1925000,2,2.0,San Francisco,1860,2931,1917,4,1035,,Active,,,http://www.redfin.com/CA/San-Francisco/639-21st-Ave-94121/home/1588659,San Francisco MLS,421563838,N,Y,37.7757293,-122.4803549
MLS Listing,,Single Family Residential,712 Garfield St,San Francisco,CA,94132,1488888,5,4.0,Merced Heights,1812,1873,1940,4,822,,Active,,,http://www.redfin.com/CA/San-Francisco/712-Garfield-St-94132/home/1902070,"bridgeMLS, Bay East AOR, or Contra Costa AOR",40956960,N,Y,37.7197775,-122.4692927
MLS Listing,,Single Family Residential,372 Laidley St,San Francisco,CA,94131,2095000,3,2.0,San Francisco,1744,2500,1900,4,1201,,Active,,,http://www.redfin.com/CA/San-Francisco/372-Laidley-St-94131/home/1869399,San Francisco MLS,421569303,N,Y,37.7373558,-122.4292171
MLS Listing,,Condo/Co-op,325 Berry St #403,San Francisco,CA,94158,1050000,1,1.0,San Francisco,918,41654,2007,4,1144,697,Active,,,http://www.redfin.com/CA/San-Francisco/325-Berry-St-94158/unit-403/home/17304335,San Francisco MLS,421568933,N,Y,37.773394,-122.3957106
MLS Listing,,Condo/Co-op,1200 California St Unit 6C,San Francisco,CA,94109,2490000,3,2.5,San Francisco,2500,19278,1962,4,996,2650,Active,,,http://www.redfin.com/CA/San-Francisco/1200-California-St-94109/unit-6C/home/12400429,San Francisco MLS,421569376,N,Y,37.7917486,-122.4144729
MLS Listing,,Multi-Family (2-4 Unit),393 Madrid St,SAN FRANCISCO,CA,94112,2659000,6,4.0,SAN FRANCISCO,3858,2500,1965,4,689,,Active,,,http://www.redfin.com/CA/San-Francisco/393-Madrid-St-94112/home/1371516,MLSListings,ML81851656,N,Y,37.7232697,-122.4313965
MLS Listing,,Single Family Residential,3246 Judah St,San Francisco,CA,94122,1388000,2,2.0,San Francisco,2495,1437,1955,5,556,,Active,,,http://www.redfin.com/CA/San-Francisco/3246-Judah-St-94122/home/148735808,San Francisco MLS,421569668,N,Y,37.7609258,-122.4971902
MLS Listing,,Single Family Residential,3250 Judah St,San Francisco,CA,94122,1388000,2,2.0,San Francisco,2573,1437,,5,539,,Active,,,http://www.redfin.com/CA/San-Francisco/3250-Judah-St-94122/home/114077936,San Francisco MLS,421569657,N,Y,37.760956,-122.497143
MLS Listing,,Townhouse,35 Kirkwood Ave,San Francisco,CA,94124,1210000,3,2.5,San Francisco,1522,,2019,5,795,315,Active,,,http://www.redfin.com/CA/San-Francisco/35-Kirkwood-Ave-94124/home/146933415,"bridgeMLS, Bay East AOR, or Contra Costa AOR",40956951,N,Y,37.7266771,-122.3697528
MLS Listing,,Condo/Co-op,1734 Bay St #202,San Francisco,CA,94123,875000,1,1.0,San Francisco,652,7545,1963,5,1342,609,Active,July-6-2021 10:00 AM,July-6-2021 11:30 AM,http://www.redfin.com/CA/San-Francisco/1734-Bay-St-94123/unit-202/home/1135417,San Francisco MLS,421563682,N,Y,37.803057,-122.435602
MLS Listing,,Townhouse,552 Hudson Ave,San Francisco,CA,94124,1210000,3,2.5,San Francisco,1522,,2019,5,795,315,Active,,,http://www.redfin.com/CA/San-Francisco/552-Hudson-Ave-94124/home/146933402,"bridgeMLS, Bay East AOR, or Contra Costa AOR",40956933,N,Y,37.7291413,-122.3686256
MLS Listing,,Condo/Co-op,488 Folsom St #5201,San Francisco,CA,94105,5395000,3,3.0,San Francisco,2159,,2019,5,2499,1907,Active,,,http://www.redfin.com/CA/San-Francisco/488-Folsom-St-94105/unit-5201/home/169571735,San Francisco MLS,421569557,N,Y,37.7878074,-122.3943328
MLS Listing,,Single Family Residential,1019 Rhode Island St,SAN FRANCISCO,CA,94107,1199000,3,2.0,SAN FRANCISCO,1134,2495,1904,5,1057,,Active,,,http://www.redfin.com/CA/San-Francisco/1019-Rhode-Island-St-94107/home/734465,MLSListings,ML81851606,N,Y,37.7563212,-122.4015299
MLS Listing,,Condo/Co-op,485 Tehama St #1,San Francisco,CA,94103,649000,1,1.0,San Francisco,762,2000,1992,5,852,300,Active,,,http://www.redfin.com/CA/San-Francisco/485-Tehama-St-94103/unit-1/home/925825,San Francisco MLS,421569555,N,Y,37.779541,-122.4061763
MLS Listing,,Single Family Residential,117 Stanyan St,SAN FRANCISCO,CA,94118,1850000,3,2.0,SAN FRANCISCO,1375,2348,1936,5,1345,,Active,,,http://www.redfin.com/CA/San-Francisco/117-Stanyan-St-94118/home/1846792,MLSListings,ML81851589,N,Y,37.779489,-122.455946
MLS Listing,,Multi-Family (2-4 Unit),29 - 31 29th St,San Francisco,CA,94110,2095000,4,,San Francisco,3509,1372,,5,597,,Active,,,http://www.redfin.com/CA/San-Francisco/29-29th-St-94110/home/164641172,San Francisco MLS,421569378,N,Y,37.7438469,-122.4215433
MLS Listing,,Condo/Co-op,8200 Oceanview Ter #103,San Francisco,CA,94132,749000,0,,San Francisco,950,,,5,788,697,Active,,,http://www.redfin.com/CA/San-Francisco/8200-Oceanview-Ter-94132/unit-103/home/870446,San Francisco MLS,421569127,N,Y,37.7099731,-122.4675313
MLS Listing,,Condo/Co-op,420 Stanyan St #7,SAN FRANCISCO,CA,94117,1598000,3,2.0,SAN FRANCISCO,1441,,2003,5,1109,699,Active,,,http://www.redfin.com/CA/San-Francisco/420-Stanyan-St-94117/unit-7/home/871389,MLSListings,ML81851568,N,Y,37.7744337,-122.4542758
MLS Listing,,Single Family Residential,1546 Alemany,San Francisco,CA,94112,1499000,5,4.0,San Francisco,2654,2635,1933,5,565,,Active,,,http://www.redfin.com/CA/San-Francisco/1546-Alemany-Blvd-94112/home/1912693,San Francisco MLS,421569377,N,Y,37.7276702,-122.4357645
MLS Listing,,Condo/Co-op,1483 Sutter St #1404,SAN FRANCISCO,CA,94109,1250000,2,2.0,SAN FRANCISCO,1316,48636,1992,5,950,898,Active,,,http://www.redfin.com/CA/San-Francisco/1483-Sutter-St-94109/unit-1404/home/1039938,MLSListings,ML81851556,N,Y,37.7869544,-122.4241886
MLS Listing,,Condo/Co-op,3228 Washington St,San Francisco,CA,94115,2695000,3,2.0,San Francisco,2310,2565,1904,5,1167,300,Active,July-6-2021 10:00 AM,July-6-2021 11:30 AM,http://www.redfin.com/CA/San-Francisco/3228-Washington-St-94115/home/40628982,San Francisco MLS,421564583,N,Y,37.790282,-122.446524
MLS Listing,,Single Family Residential,827 46th Ave,San Francisco,CA,94121,1695000,4,4.0,San Francisco,,2996,1924,5,,,Active,July-6-2021 06:00 PM,July-6-2021 07:00 PM,http://www.redfin.com/CA/San-Francisco/827-46th-Ave-94121/home/1427580,San Francisco MLS,421568759,N,Y,37.772854,-122.5070238
MLS Listing,,Condo/Co-op,236 Guerrero St #236,San Francisco,CA,94103,1485000,3,1.0,San Francisco,1683,3296,1908,5,882,350,Active,July-8-2021 04:00 PM,July-8-2021 06:00 PM,http://www.redfin.com/CA/San-Francisco/236-Guerrero-St-94103/unit-236/home/704156,San Francisco MLS,421567312,N,Y,37.767341,-122.424719
MLS Listing,,Single Family Residential,544 Belvedere St,San Francisco,CA,94117,1998000,2,1.5,San Francisco,2006,3490,1908,5,996,,Active,July-6-2021 12:00 PM,July-6-2021 02:00 PM,http://www.redfin.com/CA/San-Francisco/544-Belvedere-St-94117/home/1244823,San Francisco MLS,421569247,N,Y,37.7626753,-122.4477306
MLS Listing,,Multi-Family (2-4 Unit),943 South Van Ness Ave,San Francisco,CA,94110,3500000,15,13.5,San Francisco,4675,4164,1875,5,749,,Active,,,http://www.redfin.com/CA/San-Francisco/943-S-Van-Ness-Ave-94110/home/175587102,San Francisco MLS,421569244,N,Y,37.7580785,-122.4165303
MLS Listing,,Single Family Residential,457 38th Ave,SAN FRANCISCO,CA,94121,2995000,3,1.5,SAN FRANCISCO,3530,5998,1904,6,848,,Active,,,http://www.redfin.com/CA/San-Francisco/457-38th-Ave-94121/home/1091175,MLSListings,ML81851483,N,Y,37.7802921,-122.4989723
MLS Listing,,Condo/Co-op,255 Berry St #114,San Francisco,CA,94158,2149000,3,2.5,San Francisco,1950,42959,2004,6,1102,1016,Active,,,http://www.redfin.com/CA/San-Francisco/255-Berry-St-94158/unit-114/home/919671,San Francisco MLS,421541087,N,Y,37.7743869,-122.3947812
MLS Listing,,Single Family Residential,1122 Gilman Ave,SAN FRANCISCO,CA,94124,980000,4,2.0,SAN FRANCISCO,1615,2500,1936,6,607,,Active,,,http://www.redfin.com/CA/San-Francisco/1122-Gilman-Ave-94124/home/1502929,MLSListings,ML81851471,N,Y,37.7197317,-122.3903543
MLS Listing,,Condo/Co-op,333 Haight St #3,San Francisco,CA,94102,850000,3,2.0,San Francisco,1350,4200,1961,6,630,,Active,,,http://www.redfin.com/CA/San-Francisco/333-Haight-St-94102/unit-3/home/175586206,San Francisco MLS,421569234,N,Y,37.7722219,-122.4276797
MLS Listing,,Condo/Co-op,333 Haight St #4,San Francisco,CA,94102,975000,2,2.0,San Francisco,1350,4200,1961,6,722,,Active,,,http://www.redfin.com/CA/San-Francisco/333-Haight-St-94102/unit-4/home/175585609,San Francisco MLS,421569220,N,Y,37.7722219,-122.4276797
MLS Listing,,Condo/Co-op,3305 Cesar Chavez Unit A,San Francisco,CA,94110,1075000,2,2.0,San Francisco,985,,1905,6,1091,570,Active,,,http://www.redfin.com/CA/San-Francisco/3305-Cesar-Chavez-94110/unit-A/home/175585489,San Francisco MLS,421568584,N,Y,37.748064,-122.4160545
MLS Listing,,Condo/Co-op,3307 Cesar Chavez,San Francisco,CA,94110,1025000,2,2.0,San Francisco,1000,,1905,6,1025,570,Active,,,http://www.redfin.com/CA/San-Francisco/3307-Cesar-Chavez-94110/unit-A/home/174311845,San Francisco MLS,421568589,N,Y,37.7479788,-122.4162163
MLS Listing,,Condo/Co-op,333 Haight St #1,San Francisco,CA,94102,1150000,3,2.0,San Francisco,1350,4200,1961,6,852,,Active,,,http://www.redfin.com/CA/San-Francisco/333-Haight-St-94102/unit-1/home/579269,San Francisco MLS,421569206,N,Y,37.7722219,-122.4276797
MLS Listing,,Condo/Co-op,333 Haight St #2,San Francisco,CA,94102,1150000,3,2.0,San Francisco,1350,4200,1961,6,852,,Active,,,http://www.redfin.com/CA/San-Francisco/333-Haight-St-94102/unit-2/home/175585144,San Francisco MLS,421569195,N,Y,37.7722219,-122.4276797
MLS Listing,,Single Family Residential,1201 Monterey Blvd,San Francisco,CA,94127,2888000,4,3.5,San Francisco,4295,5584,1930,6,672,2,Active,,,http://www.redfin.com/CA/San-Francisco/1201-Monterey-Blvd-94127/home/1421908,San Francisco MLS,421569087,N,Y,37.7298053,-122.4618947
MLS Listing,,Multi-Family (5+ Unit),335 2nd Ave,San Francisco,CA,94118,3300000,0,,San Francisco,5790,4200,1963,6,570,,Active,,,http://www.redfin.com/CA/San-Francisco/335-2nd-Ave-94118/home/1627963,San Francisco MLS,421568766,N,Y,37.7823084,-122.4603248
MLS Listing,,Condo/Co-op,355 1st St #2504,San Francisco,CA,94105,1929000,2,2.0,San Francisco,1408,38571,2004,6,1370,1074,Active,,,http://www.redfin.com/CA/San-Francisco/355-1st-St-94105/unit-2504/home/114068176,San Francisco MLS,421569136,N,Y,37.7868803,-122.3934978
MLS Listing,,Multi-Family (2-4 Unit),242 20Th Ave,San Francisco,CA,94121,1250000,5,2.0,Richmond Dist,2120,2996,1907,6,590,,Active,,,http://www.redfin.com/CA/San-Francisco/242-20th-Ave-94121/home/608193,"bridgeMLS, Bay East AOR, or Contra Costa AOR",40956733,N,Y,37.7833124,-122.479262
MLS Listing,,Condo/Co-op,1695 18th St #308,San Francisco,CA,94107,257158,0,1.0,San Francisco,636,19027,1996,6,404,496,Active,July-11-2021 02:00 PM,July-11-2021 04:00 PM,http://www.redfin.com/CA/San-Francisco/1695-18th-St-94107/unit-308/home/1533783,San Francisco MLS,421567374,N,Y,37.7622332,-122.3990739
MLS Listing,,Multi-Family (2-4 Unit),1282 - 1284 48th Ave,San Francisco,CA,94122,1595000,4,,San Francisco,2225,2996,1959,6,717,,Active,,,http://www.redfin.com/CA/San-Francisco/1282-48th-Ave-94122/home/1556117,San Francisco MLS,421569063,N,Y,37.7626229,-122.5078998
MLS Listing,,Multi-Family (2-4 Unit),329 - 331 Woolsey St,San Francisco,CA,94134,1499000,5,2.0,San Francisco,2623,2996,1966,6,571,,Active,,,http://www.redfin.com/CA/San-Francisco/329-Woolsey-St-94134/home/1576610,San Francisco MLS,421568958,N,Y,37.7243667,-122.4050458
MLS Listing,,Single Family Residential,3951 Sacramento St,San Francisco,CA,94108,3800000,5,4.5,San Francisco,2941,3327,1906,6,1292,,Active,,,http://www.redfin.com/CA/San-Francisco/3951-Sacramento-St-94118/home/1349605,San Francisco MLS,421568556,N,Y,37.7865277,-122.4579882
MLS Listing,,Condo/Co-op,15 - 19 San Carlos St #15,San Francisco,CA,94110,1095000,2,1.0,San Francisco,,1999,1906,6,,250,Active,,,http://www.redfin.com/CA/San-Francisco/15-San-Carlos-St-94110/unit-15/home/62172271,San Francisco MLS,421553179,N,Y,37.7624319,-122.419984
MLS Listing,,Condo/Co-op,875 California St #304,San Francisco,CA,94108,1490000,1,1.0,San Francisco,764,9448,,6,1950,1840,Active,,,http://www.redfin.com/CA/San-Francisco/875-California-St-94108/unit-304/home/175579924,San Francisco MLS,421531760,N,Y,37.7918051,-122.4087206
MLS Listing,,Condo/Co-op,300 Berry St #118,SAN FRANCISCO,CA,94158,989000,1,1.5,SAN FRANCISCO,888,,2009,7,1114,658,Active,,,http://www.redfin.com/CA/San-Francisco/300-Berry-St-94158/unit-118/home/23424468,MLSListings,ML81851077,N,Y,37.77393,-122.396241
MLS Listing,,Vacant Land,Hawes St,San Francisco,CA,94124,100000,,,San Francisco,,540,,7,,,Active,,,http://www.redfin.com/CA/SAN-FRANCISCO/HAWES-ST-94124/home/146933492,"bridgeMLS, Bay East AOR, or Contra Costa AOR",40956597,N,Y,37.735169,-122.375371
MLS Listing,,Multi-Family (5+ Unit),1690 Filbert St,SAN FRANCISCO,CA,94123,4495000,,12.0,SAN FRANCISCO,6792,2482,1926,7,662,,Active,,,http://www.redfin.com/CA/San-Francisco/1690-Filbert-St-94123/home/1914813,MLSListings,ML81851253,N,Y,37.7992681,-122.4271288
MLS Listing,,Condo/Co-op,55 Red Rock Way #209,San Francisco,CA,94131,485000,0,1.0,Diamond Heights,474,,1972,7,1023,520,Active,,,http://www.redfin.com/CA/San-Francisco/55-Red-Rock-Way-94131/unit-209/home/1258014,"bridgeMLS, Bay East AOR, or Contra Costa AOR",40956535,N,Y,37.7459864,-122.4410176
MLS Listing,,Condo/Co-op,690 Market St #1804,San Francisco,CA,94104,2650000,3,3.0,San Francisco,1900,11357,2007,7,1395,3313,Active,,,http://www.redfin.com/CA/San-Francisco/690-Market-St-94104/unit-1804/home/21967201,San Francisco MLS,421568506,N,Y,37.7883046,-122.4032778
MLS Listing,,Single Family Residential,2021 Silver Ave,San Francisco,CA,94124,899000,3,2.0,San Francisco,1075,2439,1942,8,836,,Active,,,http://www.redfin.com/CA/San-Francisco/2021-Silver-Ave-94124/home/1487731,San Francisco MLS,421567313,N,Y,37.7358683,-122.4001249
MLS Listing,,Condo/Co-op,630 Mason St #401,SAN FRANCISCO,CA,94108,848000,1,1.0,SAN FRANCISCO,840,,1927,8,1010,636,Active,,,http://www.redfin.com/CA/San-Francisco/630-Mason-St-94108/unit-401/home/12393606,MLSListings,ML81851158,N,Y,37.789448,-122.410054
MLS Listing,,Single Family Residential,3240 26th St,San Francisco,CA,94110,1750000,4,4.5,Mission District,2862,2862,1904,8,611,,Active,,,http://www.redfin.com/CA/San-Francisco/3240-26th-St-94110/home/114078716,"bridgeMLS, Bay East AOR, or Contra Costa AOR",40956470,N,Y,37.7493517,-122.4147708
MLS Listing,,Single Family Residential,769 Myra Way,San Francisco,CA,94127,1288000,3,2.0,San Francisco,1230,3637,1950,8,1047,,Active,,,http://www.redfin.com/CA/San-Francisco/769-Myra-Way-94127/home/2021860,San Francisco MLS,421568435,N,Y,37.7406375,-122.4520806
MLS Listing,,Multi-Family (2-4 Unit),2224 Jackson St,San Francisco,CA,94115,4595000,5,4.5,San Francisco,3048,4386,,8,1508,,Active,,,http://www.redfin.com/CA/San-Francisco/2224-Jackson-St-94115/home/1797884,San Francisco MLS,421566503,N,Y,37.793088,-122.431849
MLS Listing,,Condo/Co-op,401 Harrison St Unit 21A,San Francisco,CA,94105,1125000,1,1.0,San Francisco,840,,2014,8,1339,1292,Active,,,http://www.redfin.com/CA/San-Francisco/401-Harrison-St-94105/unit-21A/home/144064215,San Francisco MLS,421561001,N,Y,37.7864989,-122.3921487
MLS Listing,,Multi-Family (2-4 Unit),815 Duboce Ave,San Francisco,CA,94117,1750000,5,2.0,San Francisco,2920,1999,1907,8,599,,Active,,,http://www.redfin.com/CA/San-Francisco/815-Duboce-Ave-94117/home/1404374,San Francisco MLS,421563261,N,Y,37.7687717,-122.4369044
MLS Listing,,Single Family Residential,1354 26th Ave,San Francisco,CA,94122,1495000,3,1.5,San Francisco,2030,3000,1913,8,736,,Active,,,http://www.redfin.com/CA/San-Francisco/1354-26th-Ave-94122/home/1129002,BAREIS,421542407,N,Y,37.7622199,-122.4843374
MLS Listing,,Multi-Family (2-4 Unit),1047 - 1049 Lombard St,San Francisco,CA,94109,4275000,5,5.0,San Francisco,4102,3005,1948,8,1042,,Active,,,http://www.redfin.com/CA/San-Francisco/1047-Lombard-St-94109/home/539661,San Francisco MLS,421566223,N,Y,37.8018926,-122.4187036
MLS Listing,,Multi-Family (5+ Unit),700 12th Ave,San Francisco,CA,94118,6300000,0,1.0,San Francisco,9950,3049,1921,9,633,,Active,,,http://www.redfin.com/CA/San-Francisco/700-12th-Ave-94118/home/621915,San Francisco MLS,421567829,N,Y,37.7749299,-122.4701427
MLS Listing,,Condo/Co-op,1177 California St #202,San Francisco,CA,94108,610000,1,1.0,San Francisco,511,31662,,9,1194,1003,Active,,,http://www.redfin.com/CA/San-Francisco/1177-California-St-94108/unit-202/home/549698,San Francisco MLS,421568332,N,Y,37.7913209,-122.4137552
MLS Listing,,Condo/Co-op,1701 Pierce St #2,San Francisco,CA,94115,1495000,2,2.0,San Francisco,1490,1752,1996,10,1003,300,Active,July-6-2021 11:30 AM,July-6-2021 01:00 PM,http://www.redfin.com/CA/San-Francisco/1701-Pierce-St-94115/unit-2/home/1475471,San Francisco MLS,421568021,N,Y,37.7858347,-122.4367697
MLS Listing,,Condo/Co-op,333 Beale St Unit 2F,San Francisco,CA,94105,1250000,1,2.0,San Francisco,1117,75406,2015,10,1119,1205,Active,,,http://www.redfin.com/CA/San-Francisco/333-Beale-St-94105/unit-2F/home/109687161,San Francisco MLS,421522652,N,Y,37.7884937,-122.3918797
MLS Listing,,Condo/Co-op,44 Macondray Ln Unit 5W,San Francisco,CA,94133,999000,1,1.0,San Francisco,907,7082,1980,10,1101,969,Active,July-6-2021 09:30 AM,July-6-2021 11:00 AM,http://www.redfin.com/CA/San-Francisco/44-Macondray-Ln-94133/unit-5W/home/929775,San Francisco MLS,421568215,N,Y,37.7994931,-122.4148841
MLS Listing,,Single Family Residential,69 Tiffany Ave,San Francisco,CA,94110,1595000,2,2.0,San Francisco,1000,2495,1941,10,1595,,Active,,,http://www.redfin.com/CA/San-Francisco/69-Tiffany-Ave-94110/home/1397613,San Francisco MLS,421568210,N,Y,37.7456484,-122.420656
MLS Listing,,Condo/Co-op,143 Beaumont Ave,San Francisco,CA,94118,1395000,2,2.0,San Francisco,1346,3069,1937,10,1036,295,Active,,,http://www.redfin.com/CA/San-Francisco/143-Beaumont-Ave-94118/home/17305071,San Francisco MLS,421568189,N,Y,37.779095,-122.4547684
MLS Listing,,Condo/Co-op,220 Lombard St #324,San Francisco,CA,94111,650000,1,1.0,San Francisco,621,,1993,10,1047,871,Active,,,http://www.redfin.com/CA/San-Francisco/220-Lombard-St-94111/unit-324/home/542312,San Francisco MLS,421567350,N,Y,37.8042436,-122.4054002
MLS Listing,,Single Family Residential,56 Cumberland St,San Francisco,CA,94110,1999000,3,2.0,San Francisco,1900,2848,1907,11,1052,,Active,July-6-2021 12:30 PM,July-6-2021 02:00 PM,http://www.redfin.com/CA/San-Francisco/56-Cumberland-St-94110/home/1751052,San Francisco MLS,513018,N,Y,37.759335,-122.424841
MLS Listing,,Multi-Family (2-4 Unit),6 - 8 Seymour St,San Francisco,CA,94115,1699000,6,3.0,San Francisco,3340,2250,1906,11,509,,Active,July-6-2021 11:00 AM,July-6-2021 12:30 PM,http://www.redfin.com/CA/San-Francisco/6-Seymour-St-94115/home/593765,San Francisco MLS,421567529,N,Y,37.7793243,-122.4375871
MLS Listing,,Single Family Residential,627 San Bruno Ave,San Francisco,CA,94107,1199000,3,2.0,San Francisco,1180,2495,1913,11,1016,,Active,,,http://www.redfin.com/CA/San-Francisco/627-San-Bruno-Ave-94107/home/1985901,San Francisco MLS,421566195,N,Y,37.7613292,-122.4048532
MLS Listing,,Condo/Co-op,6620 Geary Blvd #7,San Francisco,CA,94121,1050000,2,1.0,San Francisco,1355,10000,1981,11,775,537,Active,,,http://www.redfin.com/CA/San-Francisco/6620-Geary-Blvd-94121/unit-7/home/2030930,San Francisco MLS,421567650,N,Y,37.780081,-122.4905497
MLS Listing,,Condo/Co-op,77 Van Ness Ave #501,San Francisco,CA,94102,899000,1,1.0,Inner Mission,831,,2009,11,1082,550,Active,,,http://www.redfin.com/CA/San-Francisco/77-Van-Ness-Ave-94102/unit-501/home/40138351,"bridgeMLS, Bay East AOR, or Contra Costa AOR",40956283,N,Y,37.7760549,-122.4199372
MLS Listing,,Single Family Residential,379 Hearst Ave,San Francisco,CA,94112,1375000,3,2.0,San Francisco,1368,2809,1948,11,1005,,Active,,,http://www.redfin.com/CA/San-Francisco/379-Hearst-Ave-94112/home/694764,San Francisco MLS,421567667,N,Y,37.7305445,-122.4460935
MLS Listing,,Single Family Residential,461 41st,San Francisco,CA,94121,1699000,4,2.5,Outer Richmond,2105,3000,1930,11,807,,Active,,,http://www.redfin.com/CA/San-Francisco/461-41st-Ave-94121/home/1899435,"bridgeMLS, Bay East AOR, or Contra Costa AOR",40956275,N,Y,37.7802402,-122.5021554
MLS Listing,,Single Family Residential,2671 15th Ave,San Francisco,CA,94127,1795000,4,2.0,San Francisco,1700,3184,1930,11,1056,,Active,July-6-2021 01:30 PM,July-6-2021 03:00 PM,http://www.redfin.com/CA/San-Francisco/2671-15th-Ave-94127/home/1548865,San Francisco MLS,421568101,N,Y,37.738191,-122.471345
MLS Listing,,Condo/Co-op,442 Laurel St,San Francisco,CA,94118,1150000,2,1.0,San Francisco,995,2219,1907,11,1156,206,Active,,,http://www.redfin.com/CA/San-Francisco/442-Laurel-St-94118/home/589814,San Francisco MLS,421568042,N,Y,37.7872429,-122.449922
MLS Listing,,Single Family Residential,1124 Silliman St,SAN FRANCISCO,CA,94134,1215000,2,2.0,SAN FRANCISCO,1758,1758,1975,11,691,,Active,July-6-2021 02:00 PM,July-6-2021 03:30 PM,http://www.redfin.com/CA/San-Francisco/1124-Silliman-St-94134/home/52059374,MLSListings,ML81850904,N,Y,37.7284108,-122.4164861
MLS Listing,,Multi-Family (2-4 Unit),2131 Pierce St,San Francisco,CA,94115,4495000,7,6.0,San Francisco,4995,2705,1908,11,900,,Active,,,http://www.redfin.com/CA/San-Francisco/2131-Pierce-St-94115/home/1020392,San Francisco MLS,421567971,N,Y,37.7898624,-122.437722
MLS Listing,,Condo/Co-op,1177 California St #1514,San Francisco,CA,94108,1695000,2,2.5,San Francisco,1399,,1978,11,1212,1623,Active,,,http://www.redfin.com/CA/San-Francisco/1177-California-St-94108/unit-1514/home/551908,San Francisco MLS,421567716,N,Y,37.7913209,-122.4137552
MLS Listing,,Condo/Co-op,280 Spear St Unit 8F,San Francisco,CA,94105,1650000,2,2.0,San Francisco,1305,47916,,11,1264,1240,Active,,,http://www.redfin.com/CA/San-Francisco/280-Spear-St-94105/unit-8F/home/175563253,San Francisco MLS,421567937,N,Y,37.7904356,-122.3918209
MLS Listing,,Single Family Residential,301 Victoria St,San Francisco,CA,94132,949000,2,1.0,San Francisco,,1873,1946,11,,,Active,,,http://www.redfin.com/CA/San-Francisco/301-Victoria-St-94132/home/1816060,San Francisco MLS,421566167,N,Y,37.7162381,-122.4655323
MLS Listing,,Single Family Residential,76 Homestead St,San Francisco,CA,94114,3295000,4,3.0,San Francisco,2794,3750,1905,11,1179,,Active,July-6-2021 12:30 PM,July-6-2021 02:00 PM,http://www.redfin.com/CA/San-Francisco/76-Homestead-94114/home/1123206,San Francisco MLS,421567177,N,Y,37.7497604,-122.4398688
MLS Listing,,Condo/Co-op,785 Golden Gate Ave #401,San Francisco,CA,94102,849000,2,2.0,San Francisco,1662,6900,1985,11,511,725,Active,,,http://www.redfin.com/CA/San-Francisco/785-Golden-Gate-Ave-94102/unit-401/home/1099455,San Francisco MLS,421567252,N,Y,37.7803482,-122.423456
MLS Listing,,Single Family Residential,100 El Camino Del Mar,San Francisco,CA,94121,2200000,2,1.0,San Francisco,,6773,1958,11,,,Active,July-6-2021 11:30 AM,July-6-2021 01:00 PM,http://www.redfin.com/CA/San-Francisco/100-El-Camino-Del-Mar-94121/home/1888596,San Francisco MLS,421567228,N,Y,37.7878575,-122.4842885
MLS Listing,,Single Family Residential,926 Wawona St,SAN FRANCISCO,CA,94116,2000000,4,3.0,SAN FRANCISCO,2602,2500,1930,11,769,,Active,,,http://www.redfin.com/CA/San-Francisco/926-Wawona-St-94116/home/1453893,MLSListings,ML81850837,N,Y,37.737633,-122.476926
MLS Listing,,Single Family Residential,711 Scott St,San Francisco,CA,94117,7850000,6,7.0,San Francisco,6966,4377,1910,11,1127,,Active,,,http://www.redfin.com/CA/San-Francisco/711-Scott-St-94117/home/1643363,San Francisco MLS,421563535,N,Y,37.7765311,-122.4367216
MLS Listing,,Condo/Co-op,568 Belvedere St,San Francisco,CA,94117,1750000,2,1.5,San Francisco,1519,3489,1924,11,1152,250,Active,,,http://www.redfin.com/CA/San-Francisco/568-Belvedere-St-94117/home/854080,San Francisco MLS,421566593,N,Y,37.7623602,-122.4478199
MLS Listing,,Single Family Residential,1558 25th Ave,San Francisco,CA,94122,1495000,2,1.0,San Francisco,1450,3000,1936,11,1031,,Active,July-6-2021 01:30 PM,July-6-2021 03:00 PM,http://www.redfin.com/CA/San-Francisco/1558-25th-Ave-94122/home/2016221,San Francisco MLS,421563161,N,Y,37.7584671,-122.4830305
MLS Listing,,Single Family Residential,937 South Van Ness Ave,San Francisco,CA,94110,2888000,6,5.0,San Francisco,2595,3660,1875,11,1113,,Active,,,http://www.redfin.com/CA/San-Francisco/937-S-Van-Ness-Ave-94110/home/714370,San Francisco MLS,421567795,N,Y,37.758163,-122.4166188
MLS Listing,,Single Family Residential,2640 Alemany Blvd,San Francisco,CA,94112,1095000,4,2.0,San Francisco,1187,2186,1946,11,922,,Active,,,http://www.redfin.com/CA/San-Francisco/2640-Alemany-Blvd-94112/home/824959,San Francisco MLS,421567770,N,Y,37.7144964,-122.4481881
MLS Listing,,Condo/Co-op,34 - A Dearborn St,San Francisco,CA,94110,995000,2,1.0,San Francisco,861,2670,1907,11,1156,300,Active,July-6-2021 12:30 PM,July-6-2021 01:30 PM,http://www.redfin.com/CA/San-Francisco/34A-Dearborn-St-94110/home/857142,San Francisco MLS,421561822,N,Y,37.7625872,-122.4232997
MLS Listing,,Condo/Co-op,2332 Divisadero St #4,San Francisco,CA,94115,898000,1,1.0,San Francisco,1400,2750,1895,11,641,475,Active,,,http://www.redfin.com/CA/San-Francisco/2332-Divisadero-St-94115/unit-4/home/1426920,San Francisco MLS,421567703,N,Y,37.791342,-122.440759
MLS Listing,,Single Family Residential,56 Badger St,San Francisco,CA,94112,1500000,4,4.0,San Francisco,2250,2500,1940,11,,,Active,,,http://www.redfin.com/CA/San-Francisco/56-Badger-St-94112/home/1186237,MetroList,421547315,N,Y,37.7310632,-122.4343756
MLS Listing,,Condo/Co-op,435 China Basin St #544,San Francisco,CA,94158,1645000,2,2.0,San Francisco,1372,122891,2012,11,1199,894,Active,,,http://www.redfin.com/CA/San-Francisco/435-China-Basin-St-94158/unit-544/home/40629363,San Francisco MLS,421567344,N,Y,37.7719225,-122.3885494
MLS Listing,,Single Family Residential,357 Franconia St,San Francisco,CA,94110,1395000,3,2.0,San Francisco,1238,1746,1957,11,1127,,Active,,,http://www.redfin.com/CA/San-Francisco/357-Franconia-St-94110/home/1345085,San Francisco MLS,421567143,N,Y,37.7439572,-122.4078025
MLS Listing,,Condo/Co-op,2999 Harrison St,San Francisco,CA,94110,1200000,3,2.0,San Francisco,1335,2596,1912,11,899,250,Active,,,http://www.redfin.com/CA/San-Francisco/2999-Harrison-St-94110/home/167114367,San Francisco MLS,421567535,N,Y,37.7495787,-122.4113534
MLS Listing,,Condo/Co-op,201 Harrison St #409,San Francisco,CA,94105,899000,2,2.0,San Francisco,797,38449,1991,11,1128,796,Active,,,http://www.redfin.com/CA/San-Francisco/201-Harrison-St-94105/unit-409/home/1879206,San Francisco MLS,421564417,N,Y,37.7874798,-122.3905769
MLS Listing,,Condo/Co-op,2931 Fillmore St Unit A,San Francisco,CA,94123,1995000,2,2.0,San Francisco,1490,2217,1900,11,1339,400,Active,,,http://www.redfin.com/CA/San-Francisco/2931-Fillmore-St-94123/unit-A/home/102818503,San Francisco MLS,421539155,N,Y,37.796544,-122.4355986
MLS Listing,,Single Family Residential,773 Faxon Ave,San Francisco,CA,94112,1000000,2,1.0,San Francisco,1125,3972,1920,11,889,10,Active,,,http://www.redfin.com/CA/San-Francisco/773-Faxon-Ave-94112/home/1024252,San Francisco MLS,421567651,N,Y,37.7270476,-122.4601477
MLS Listing,,Condo/Co-op,3448 Balboa St #4,San Francisco,CA,94121,899000,3,2.0,San Francisco,1068,2466,2011,11,842,275,Active,,,http://www.redfin.com/CA/San-Francisco/3448-Balboa-St-94121/unit-4/home/52389994,San Francisco MLS,421566056,N,Y,37.7759369,-122.495968
MLS Listing,,Condo/Co-op,1388 Gough St #802,San Francisco,CA,94109,1095000,2,2.0,San Francisco,1187,25061,1993,11,922,1297,Active,July-11-2021 01:00 PM,July-11-2021 02:30 PM,http://www.redfin.com/CA/San-Francisco/1388-Gough-St-94109/unit-802/home/573016,San Francisco MLS,421564557,N,Y,37.7859193,-122.4244722
MLS Listing,,Multi-Family (2-4 Unit),1157 Wisconsin St,San Francisco,CA,94107,999000,3,2.0,San Francisco,2340,2495,1900,11,427,,Active,,,http://www.redfin.com/CA/San-Francisco/1157-Wisconsin-St-94107/home/1327099,"bridgeMLS, Bay East AOR, or Contra Costa AOR",40956078,N,Y,37.7528212,-122.3982552
MLS Listing,,Single Family Residential,1277 27th Ave,San Francisco,CA,94122,1388000,3,1.5,San Francisco,1750,3000,1915,12,793,,Active,July-6-2021 01:30 PM,July-6-2021 03:00 PM,http://www.redfin.com/CA/San-Francisco/1277-27th-Ave-94122/home/1677347,San Francisco MLS,421567167,N,Y,37.7635919,-122.4859892
MLS Listing,,Condo/Co-op,88 Townsend St #315,San Francisco,CA,94107,425659,1,1.0,San Francisco,736,37623,2004,12,578,597,Active,July-11-2021 02:00 PM,July-11-2021 04:00 PM,http://www.redfin.com/CA/San-Francisco/88-Townsend-St-94102/unit-315/home/12401808,San Francisco MLS,421567571,N,Y,37.7811985,-122.3906654
MLS Listing,,Condo/Co-op,300 3rd St #410,San Francisco,CA,94107,599000,0,1.0,San Francisco,663,,1990,12,903,615,Active,,,http://www.redfin.com/CA/San-Francisco/300-3rd-St-94107/unit-410/home/724244,"bridgeMLS, Bay East AOR, or Contra Costa AOR",40956070,N,Y,37.7835658,-122.3989483
MLS Listing,,Condo/Co-op,1050 North Point St #604,San Francisco,CA,94109,598000,0,1.0,San Francisco,,,,12,,540,Active,,,http://www.redfin.com/CA/San-Francisco/1050-N-Point-St-94109/unit-604/home/12400967,San Francisco MLS,421567604,N,Y,37.8053959,-122.4248482
MLS Listing,,Single Family Residential,368 Bradford St,San Francisco,CA,94110,1295000,4,3.0,San Francisco,1620,2099,1962,12,799,,Active,,,http://www.redfin.com/CA/San-Francisco/368-Bradford-St-94110/home/1264728,San Francisco MLS,421566679,N,Y,37.7372159,-122.4098932
MLS Listing,,Condo/Co-op,788 Minna St #503,San Francisco,CA,94103,699000,1,1.0,San Francisco,,5427,2011,12,,637,Active,,,http://www.redfin.com/CA/San-Francisco/788-Minna-St-94103/unit-503/home/40176278,San Francisco MLS,421566275,N,Y,37.7760486,-122.4141237
MLS Listing,,Condo/Co-op,451 Kansas St #630,San Francisco,CA,94107,839000,1,1.0,San Francisco,656,80311,2007,12,1279,533,Active,,,http://www.redfin.com/CA/San-Francisco/451-Kansas-St-94107/unit-630/home/23424567,San Francisco MLS,421565975,N,Y,37.7639023,-122.4030146
MLS Listing,,Condo/Co-op,900 Bush St #1201,San Francisco,CA,94109,725000,1,1.0,San Francisco,648,37618,1982,12,1119,1077,Active,,,http://www.redfin.com/CA/San-Francisco/900-Bush-St-94109/unit-1201/home/1374353,San Francisco MLS,421567380,N,Y,37.7899069,-122.4123875
MLS Listing,,Single Family Residential,2605 Sacramento St,San Francisco,CA,94115,1895000,2,2.0,Pacific Heights,1150,1250,1865,12,1648,,Active,,,http://www.redfin.com/CA/San-Francisco/2605-Sacramento-St-94115/home/1739050,"bridgeMLS, Bay East AOR, or Contra Costa AOR",40955983,N,Y,37.7894011,-122.4359033
MLS Listing,,Condo/Co-op,1177 California St #723,San Francisco,CA,94108,698000,1,1.0,San Francisco,706,31662,1978,12,989,1139,Active,,,http://www.redfin.com/CA/San-Francisco/1177-California-St-94108/unit-723/home/1357203,San Francisco MLS,421565868,N,Y,37.7913209,-122.4137552
MLS Listing,,Multi-Family (2-4 Unit),1127 Filbert St,San Francisco,CA,94109,2998000,5,4.5,San Francisco,3329,1350,1929,12,901,,Active,,,http://www.redfin.com/CA/San-Francisco/1127-Filbert-St-94109/home/1347848,San Francisco MLS,421561706,N,Y,37.8001343,-122.4181232
MLS Listing,,Condo/Co-op,355 Buena Vista Ave Unit 512W,San Francisco,CA,94117,1249000,2,2.0,San Francisco,1030,90869,1986,12,1213,904,Active,,,http://www.redfin.com/CA/San-Francisco/355-Buena-Vista-Ave-E-94117/unit-512W/home/113433063,San Francisco MLS,421567379,N,Y,37.7671808,-122.4401329
MLS Listing,,Condo/Co-op,237 Arguello Blvd #12,San Francisco,CA,94118,799000,1,1.0,San Francisco,770,5726,1907,12,1038,608,Active,,,http://www.redfin.com/CA/San-Francisco/237-Arguello-Blvd-94118/unit-12/home/2018489,San Francisco MLS,421567434,N,Y,37.7862409,-122.459613
MLS Listing,,Condo/Co-op,555 Golden Gate Ave Unit 6B,San Francisco,CA,94102,729000,1,1.0,San Francisco,670,,2021,12,1088,573,Active,,,http://www.redfin.com/CA/San-Francisco/555-Golden-Gate-Ave-94102/unit-6B/home/175550983,San Francisco MLS,421567334,N,Y,37.7808655,-122.4196054
MLS Listing,,Condo/Co-op,555 Golden Gate Ave Unit 5H,San Francisco,CA,94102,699000,1,1.0,San Francisco,568,,,12,1231,553,Active,,,http://www.redfin.com/CA/San-Francisco/555-Golden-Gate-Ave-94102/unit-5H/home/175550777,San Francisco MLS,421567325,N,Y,37.7808655,-122.4196054
MLS Listing,,Multi-Family (5+ Unit),1513 - 1519 Taylor St,San Francisco,CA,94133,3488000,0,,San Francisco,,,,12,,,Active,,,http://www.redfin.com/CA/San-Francisco/1513-Taylor-St-94133/home/545201,San Francisco MLS,421567351,N,Y,37.7962951,-122.413635
MLS Listing,,Condo/Co-op,1200 Gough St Unit 19D,San Francisco,CA,94109,949000,1,1.0,San Francisco,900,44676,1966,12,1054,976,Active,,,http://www.redfin.com/CA/San-Francisco/1200-Gough-St-94109/unit-19D/home/1108934,San Francisco MLS,421566447,N,Y,37.7849434,-122.4242824
MLS Listing,,Single Family Residential,615 Teresita,San Francisco,CA,94127,1699000,3,2.5,San Francisco,1750,2500,,12,971,,Active,,,http://www.redfin.com/CA/San-Francisco/615-Teresita-Blvd-94127/home/1486565,San Francisco MLS,421567314,N,Y,37.737254,-122.445728
MLS Listing,,Condo/Co-op,1523 Franklin St #04,San Francisco,CA,94109,3488000,3,3.0,San Francisco,2177,2177,,12,1602,1117,Active,,,http://www.redfin.com/CA/San-Francisco/1523-Franklin-St-94109/unit-04/home/175549007,San Francisco MLS,421566901,N,Y,37.7886202,-122.4239241
MLS Listing,,Condo/Co-op,555 Innes Ave #412,San Francisco,CA,94124,898000,2,2.0,San Francisco,1371,,2016,12,655,,Active,,,http://www.redfin.com/CA/San-Francisco/555-Innes-Ave-94124/unit-412/home/118957433,San Francisco MLS,421560020,N,Y,37.7281082,-122.3692429
MLS Listing,,Condo/Co-op,950 Harrison #118,San Francisco,CA,94107,789000,1,1.5,Soma,917,917,2000,12,860,507,Active,July-10-2021 02:00 PM,July-10-2021 05:00 PM,http://www.redfin.com/CA/San-Francisco/950-Harrison-St-94107/unit-118/home/12397303,"bridgeMLS, Bay East AOR, or Contra Costa AOR",40955266,N,Y,37.7784266,-122.4033221
MLS Listing,,Multi-Family (2-4 Unit),97 - 99 Hill St,San Francisco,CA,94110,2295000,5,1.5,San Francisco,2560,2430,1900,12,896,,Active,,,http://www.redfin.com/CA/San-Francisco/97-Hill-St-94110/home/1463237,San Francisco MLS,421567088,N,Y,37.75577,-122.423049
MLS Listing,,Condo/Co-op,88 King St #417,San Francisco,CA,94107,1279000,3,2.0,San Francisco,1205,,2000,12,1061,1032,Active,,,http://www.redfin.com/CA/San-Francisco/88-King-St-94107/unit-417/home/1391367,San Francisco MLS,421566425,N,Y,37.7806744,-122.3892218
MLS Listing,,Condo/Co-op,1000 3rd St #1105,San Francisco,CA,94158,1588000,2,2.0,San Francisco,1218,46014,2018,12,1304,974,Active,,,http://www.redfin.com/CA/San-Francisco/1000-3rd-St-94158/unit-1105/home/146055972,San Francisco MLS,421567103,N,Y,37.7752125,-122.3902276
MLS Listing,,Multi-Family (2-4 Unit),1546 Chestnut St,San Francisco,CA,94123,2750000,4,2.0,San Francisco,2500,3438,1923,12,1100,,Active,July-7-2021 01:00 PM,July-7-2021 03:00 PM,http://www.redfin.com/CA/San-Francisco/1546-Chestnut-St-94123/home/1226853,San Francisco MLS,421566226,N,Y,37.8020401,-122.4288797
MLS Listing,,Single Family Residential,628 Vienna St,San Francisco,CA,94112,899900,3,1.5,San Francisco,1038,2495,1956,12,867,,Active,,,http://www.redfin.com/CA/San-Francisco/628-Vienna-St-94112/home/2019812,San Francisco MLS,421548422,N,Y,37.7185564,-122.4320927
MLS Listing,,Condo/Co-op,901 Bush St #301,San Francisco,CA,94109,695000,2,1.0,San Francisco,621,4727,1909,12,1119,526,Active,,,http://www.redfin.com/CA/San-Francisco/901-Bush-St-94109/unit-301/home/21966270,San Francisco MLS,421566900,N,Y,37.7895603,-122.4122365
MLS Listing,,Single Family Residential,290 Brighton,,CA,94404,1120000,2,2.0,,1310,2940,1947,12,855,,Active,,,http://www.redfin.com/CA/San-Francisco/290-Brighton-Ave-94112/home/175545852,FRESNOMLS,561603,N,Y,37.723403,-122.4549156
MLS Listing,,Single Family Residential,79 Inverness Dr,San Francisco,CA,94132,1650000,3,,San Francisco,2037,2495,1941,12,810,,Active,,,http://www.redfin.com/CA/San-Francisco/79-Inverness-Dr-94132/home/1697260,San Francisco MLS,421567124,N,Y,37.732827,-122.483052
MLS Listing,,Multi-Family (2-4 Unit),1941 - 1943 Chestnut St,San Francisco,CA,94123,2495000,5,4.0,San Francisco,3594,2186,1923,12,694,,Active,,,http://www.redfin.com/CA/San-Francisco/1941-Chestnut-St-94123/home/1825058,San Francisco MLS,421540238,N,Y,37.8007321,-122.4352039
MLS Listing,,Condo/Co-op,2 Mint Plz #805,San Francisco,CA,94103,995000,1,1.0,San Francisco,996,7776,1926,12,999,1035,Active,,,http://www.redfin.com/CA/San-Francisco/2-Mint-Plz-94103/unit-805/home/12397591,San Francisco MLS,421566809,N,Y,37.7831186,-122.4076117
MLS Listing,,Condo/Co-op,1250 Clay St #108,San Francisco,CA,94108,849000,1,1.0,San Francisco,575,22394,1950,12,1477,675,Active,July-6-2021 09:30 AM,July-6-2021 11:00 AM,http://www.redfin.com/CA/San-Francisco/1250-Clay-St-94108/unit-108/home/978679,San Francisco MLS,421561718,N,Y,37.7935566,-122.4136764
MLS Listing,,Condo/Co-op,400 Spear St #115,San Francisco,CA,94105,999000,1,1.5,San Francisco,1425,,1996,12,701,533,Active,,,http://www.redfin.com/CA/San-Francisco/400-Spear-St-94105/unit-115/home/11893850,San Francisco MLS,421559469,N,Y,37.7884088,-122.3892492
MLS Listing,,Condo/Co-op,2754 Folsom St Unit A,San Francisco,CA,94110,799000,2,1.0,San Francisco,835,1425,1900,12,957,223,Active,,,http://www.redfin.com/CA/San-Francisco/2754-Folsom-St-94110/unit-A/home/722195,San Francisco MLS,421565894,N,Y,37.7532509,-122.4144101
MLS Listing,,Single Family Residential,1204 Egbert Ave,San Francisco,CA,94124,840000,4,2.0,San Francisco,1344,5000,1911,12,625,,Active,July-10-2021 01:00 AM,July-10-2021 03:30 PM,http://www.redfin.com/CA/San-Francisco/1204-Egbert-Ave-94124/home/1906256,San Francisco MLS,421565873,N,Y,37.7208222,-122.3889173
MLS Listing,,Single Family Residential,1426 Rankin St,San Francisco,CA,94124,880000,2,1.5,San Francisco,995,1563,1944,12,884,,Active,July-6-2021 02:00 PM,July-6-2021 03:30 PM,http://www.redfin.com/CA/San-Francisco/1426-Rankin-St-94124/home/1849405,San Francisco MLS,421565471,N,Y,37.7379694,-122.3988639
MLS Listing,,Condo/Co-op,574 26th Ave #2,San Francisco,CA,94121,886000,2,2.0,San Francisco,,3462,1923,12,,341,Active,,,http://www.redfin.com/CA/San-Francisco/574-26th-Ave-94121/unit-2/home/28935731,San Francisco MLS,421564391,N,Y,37.7786207,-122.4855334
MLS Listing,,Condo/Co-op,559 27th St #4,San Francisco,CA,94131,659000,1,1.0,San Francisco,,2848,1974,12,,,Active,,,http://www.redfin.com/CA/San-Francisco/559-27th-St-94131/unit-4/home/175543001,San Francisco MLS,421564072,N,Y,37.746414,-122.4327011
MLS Listing,,Condo/Co-op,1 Daniel Burnham Ct #409,San Francisco,CA,94109,769000,1,1.0,San Francisco,811,46157,1988,12,948,802,Active,,,http://www.redfin.com/CA/San-Francisco/1-Daniel-Burnham-Ct-94109/unit-409/home/1920257,San Francisco MLS,421558309,N,Y,37.786783,-122.4219061
MLS Listing,,Condo/Co-op,5575 Mission St,San Francisco,CA,94112,1200000,2,1.0,San Francisco,903,1305,1990,13,1329,,Active,,,http://www.redfin.com/CA/San-Francisco/5575-Mission-St-94112/home/1551192,San Francisco MLS,421567091,N,Y,37.7115704,-122.4457839
MLS Listing,,Single Family Residential,1891 25th Ave,San Francisco,CA,94122,1195000,3,2.5,San Francisco,1550,1750,1939,13,771,,Active,,,http://www.redfin.com/CA/San-Francisco/1891-25th-Ave-94122/home/2008076,San Francisco MLS,421567056,N,Y,37.7523114,-122.4830152
MLS Listing,,Condo/Co-op,555 4th St #412,San Francisco,CA,94107,750000,1,1.0,San Francisco,739,63237,2006,13,1015,625,Active,,,http://www.redfin.com/CA/San-Francisco/555-4th-St-94107/unit-412/home/12402566,San Francisco MLS,421561887,N,Y,37.7793967,-122.3967727
MLS Listing,,Single Family Residential,1979 34th Ave,San Francisco,CA,94116,1495000,2,2.0,San Francisco,1374,2996,1943,13,1088,,Active,,,http://www.redfin.com/CA/San-Francisco/1979-34th-Ave-94116/home/645476,San Francisco MLS,421566987,N,Y,37.7502083,-122.4925172
MLS Listing,,Condo/Co-op,3814 Cesar Chavez St,San Francisco,CA,94131,1295000,2,1.0,San Francisco,1191,1790,1917,13,1087,250,Active,,,http://www.redfin.com/CA/San-Francisco/3814-Cesar-Chavez-94131/home/1066029,San Francisco MLS,421566796,N,Y,37.7479597,-122.4253199
MLS Listing,,Condo/Co-op,2040 Sutter St #406,San Francisco,CA,94115,959000,1,1.0,San Francisco,738,35698,1984,13,1299,668,Active,,,http://www.redfin.com/CA/San-Francisco/2040-Sutter-St-94115/unit-406/home/1920173,San Francisco MLS,421566876,N,Y,37.7861602,-122.4342124
MLS Listing,,Single Family Residential,6 Milton St,San Francisco,CA,94112,1999000,3,2.5,San Francisco,2140,1600,2000,13,934,,Active,,,http://www.redfin.com/CA/San-Francisco/6-Milton-St-94112/home/1028427,San Francisco MLS,421565855,N,Y,37.734047,-122.4297473
MLS Listing,,Single Family Residential,8 Sea Cliff Ave,San Francisco,CA,94121,6295000,5,3.5,San Francisco,4286,4251,1914,13,1469,,Active,,,http://www.redfin.com/CA/San-Francisco/8-Sea-Cliff-Ave-94121/home/1866613,San Francisco MLS,421566349,N,Y,37.7891889,-122.4847645
MLS Listing,,Condo/Co-op,15 Red Rock Way Unit 101N,San Francisco,CA,94131,620000,0,1.0,San Francisco,592,7132,1972,13,1047,516,Active,July-6-2021 01:30 PM,July-6-2021 03:00 PM,http://www.redfin.com/CA/San-Francisco/15-Red-Rock-Way-94131/unit-101N/home/840819,San Francisco MLS,421564498,N,Y,37.7464971,-122.4409269
MLS Listing,,Single Family Residential,601 Banks St,SAN FRANCISCO,CA,94110,1075000,2,1.0,SAN FRANCISCO,950,1751,1940,13,1132,,Active,,,http://www.redfin.com/CA/San-Francisco/601-Banks-St-94110/home/1862693,MLSListings,ML81850377,N,Y,37.7357468,-122.4128006
MLS Listing,,Condo/Co-op,401 Harrison St Unit 32A,San Francisco,CA,94105,1175000,1,1.0,San Francisco,840,,2014,13,1399,1293,Active,,,http://www.redfin.com/CA/San-Francisco/401-Harrison-St-94105/unit-32A/home/144064275,San Francisco MLS,421566763,N,Y,37.7864989,-122.3921487
MLS Listing,,Multi-Family (2-4 Unit),1588 - 1590 Guerrero St,San Francisco,CA,94110,2400000,4,2.0,San Francisco,2560,1873,1958,13,938,,Active,,,http://www.redfin.com/CA/San-Francisco/1588-Guerrero-St-94110/home/803651,San Francisco MLS,421563487,N,Y,37.7458293,-122.4225574
MLS Listing,,Condo/Co-op,1150 Treat Ave,San Francisco,CA,94110,1195000,2,1.5,San Francisco,1090,1589,1900,13,1096,350,Active,July-6-2021 02:30 PM,July-6-2021 04:00 PM,http://www.redfin.com/CA/San-Francisco/1150-Treat-Ave-94110/home/28678743,San Francisco MLS,421542494,N,Y,37.7517663,-122.4131301
MLS Listing,,Condo/Co-op,1250 Washington St,San Francisco,CA,94108,1550000,3,2.0,San Francisco,1483,5813,1913,13,1045,1250,Active,,,http://www.redfin.com/CA/San-Francisco/1250-Washington-St-94108/home/546447,BAREIS,421566712,N,Y,37.7943136,-122.4139065
MLS Listing,,Condo/Co-op,555 Innes Ave #312,San Francisco,CA,94124,575000,1,1.0,San Francisco,655,,2016,13,878,479,Active,,,http://www.redfin.com/CA/San-Francisco/555-Innes-Ave-94124/unit-312/home/143076758,"bridgeMLS, Bay East AOR, or Contra Costa AOR",40955646,N,Y,37.7281082,-122.3692429
MLS Listing,,Single Family Residential,116 Galewood Cir,San Francisco,CA,94131,1450000,2,2.5,Forest Hills,1465,,1978,13,990,298,Active,,,http://www.redfin.com/CA/San-Francisco/116-Galewood-Cir-94131/home/1246542,"bridgeMLS, Bay East AOR, or Contra Costa AOR",40955645,N,Y,37.7517227,-122.4567027
MLS Listing,,Single Family Residential,1414 40th Ave,San Francisco,CA,94122,1095000,2,1.0,San Francisco,1490,2250,1936,13,735,,Active,,,http://www.redfin.com/CA/San-Francisco/1414-40th-Ave-94122/home/633739,San Francisco MLS,421566089,N,Y,37.7603896,-122.4993504
MLS Listing,,Multi-Family (2-4 Unit),620 - 622 Natoma,San Francisco,CA,94103,2400000,8,4.0,San Francisco,2800,1724,1912,13,857,,Active,,,http://www.redfin.com/CA/San-Francisco/620-Natoma-St-94103/home/720222,San Francisco MLS,421566680,N,Y,37.7780834,-122.4106296
MLS Listing,,Condo/Co-op,1310 Fillmore St #904,San Francisco,CA,94107,845000,1,1.0,San Francisco,858,52938,2007,14,985,781,Active,,,http://www.redfin.com/CA/San-Francisco/1310-Fillmore-St-94115/unit-904/home/17306825,San Francisco MLS,421565402,N,Y,37.7816647,-122.4321387
MLS Listing,,Multi-Family (5+ Unit),1865 - 1869 Union St,San Francisco,CA,94123,4495000,2,,San Francisco,5300,3436,1900,14,848,,Active,,,http://www.redfin.com/CA/San-Francisco/1865-Union-St-94123/home/114079897,San Francisco MLS,421566530,N,Y,37.7976174,-122.4299606
MLS Listing,,Townhouse,117 South Lake Merced Hls,San Francisco,CA,94132,998000,3,2.5,San Francisco,1904,1188,1975,14,524,623,Active,,,http://www.redfin.com/CA/San-Francisco/117-S-Lake-Merced-Hls-94132/home/1843687,San Francisco MLS,421566493,N,Y,37.709509,-122.483527
MLS Listing,,Condo/Co-op,601 Van Ness Ave #245,San Francisco,CA,94102,799000,2,2.0,San Francisco,896,105806,1982,14,892,1040,Active,,,http://www.redfin.com/CA/San-Francisco/601-Van-Ness-Ave-94102/unit-245/home/1374974,San Francisco MLS,421563756,N,Y,37.7813653,-122.4215253
MLS Listing,,Condo/Co-op,333 Bush St #3806,San Francisco,CA,94104,2198000,2,2.0,San Francisco,1668,32088,1987,14,1318,1582,Active,,,http://www.redfin.com/CA/San-Francisco/333-Bush-St-94104/unit-3806/home/1650280,San Francisco MLS,421566405,N,Y,37.7906431,-122.4030566
MLS Listing,,Single Family Residential,143 Somerset,San Francisco,CA,94134,998000,4,3.0,San Francisco,,2996,,15,,,Active,,,http://www.redfin.com/CA/San-Francisco/143-Somerset-St-94134/home/1471713,San Francisco MLS,421566177,N,Y,37.729685,-122.4086633
MLS Listing,,Single Family Residential,2085 Ocean Ave,San Francisco,CA,94127,1988000,4,3.0,San Francisco,2729,7762,1922,15,728,,Active,July-7-2021 05:00 PM,July-7-2021 07:00 PM,http://www.redfin.com/CA/San-Francisco/2085-Ocean-Ave-94127/home/1599427,San Francisco MLS,421565972,N,Y,37.7262758,-122.4656807
MLS Listing,,Condo/Co-op,188 Minna St Unit 25B,San Francisco,CA,94105,2995000,2,2.5,San Francisco,1777,,2005,15,1685,2784,Active,,,http://www.redfin.com/CA/San-Francisco/188-Minna-St-94105/unit-25B/home/22890220,San Francisco MLS,421560748,N,Y,37.7861425,-122.4012961
MLS Listing,,Condo/Co-op,187 Russ,San Francisco,CA,94103,925000,2,2.0,San Francisco,1134,,,15,816,323,Active,,,http://www.redfin.com/CA/San-Francisco/187-Russ-St-94103/home/44582103,San Francisco MLS,421562410,N,Y,37.7780396,-122.4068768
MLS Listing,,Multi-Family (2-4 Unit),2977 24th St,San Francisco,CA,94110,1450000,4,1.0,San Francisco,3168,2283,1900,15,458,,Active,,,http://www.redfin.com/CA/San-Francisco/2977-24th-St-94110/home/173439296,San Francisco MLS,421566037,N,Y,37.7524992,-122.411453
MLS Listing,,Single Family Residential,1234 30th Ave,San Francisco,CA,94122,2349000,4,2.5,San Francisco,2773,4077,1918,15,847,,Active,,,http://www.redfin.com/CA/San-Francisco/1234-30th-Ave-94122/home/1853902,San Francisco MLS,421555877,N,Y,37.7642333,-122.4886706
MLS Listing,,Condo/Co-op,900 Bush St #111,San Francisco,CA,94109,595000,1,1.0,San Francisco,652,37618,1982,15,913,1079,Active,,,http://www.redfin.com/CA/San-Francisco/900-Bush-St-94109/unit-111/home/102815816,San Francisco MLS,421565971,N,Y,37.7898391,-122.4124276
MLS Listing,,Condo/Co-op,99 Scott St,San Francisco,CA,94117,995000,1,1.0,San Francisco,885,,,15,1124,183,Active,July-6-2021 11:30 AM,July-6-2021 01:00 PM,http://www.redfin.com/CA/San-Francisco/99-Scott-St-94117/home/1444087,San Francisco MLS,421563455,N,Y,37.770373,-122.435477
MLS Listing,,Condo/Co-op,858 Capp St #3,San Francisco,CA,94110,1499000,2,2.0,San Francisco,1212,,2021,15,1237,452,Active,,,http://www.redfin.com/CA/San-Francisco/858-Capp-St-94110/unit-3/home/175521029,San Francisco MLS,421565969,N,Y,37.7529245,-122.4176717
MLS Listing,,Condo/Co-op,21 Stillman St #2,San Francisco,CA,94107,949000,1,1.5,South Beach,1097,,1998,15,865,768,Active,July-11-2021 11:00 AM,July-11-2021 01:00 PM,http://www.redfin.com/CA/San-Francisco/21-Stillman-St-94107/unit-2/home/12397249,"bridgeMLS, Bay East AOR, or Contra Costa AOR",40954239,N,Y,37.7830057,-122.3945378
MLS Listing,,Condo/Co-op,280 Spear St Unit 33A,San Francisco,CA,94105,2795000,2,2.0,San Francisco,1711,47916,,15,1634,1351,Active,,,http://www.redfin.com/CA/San-Francisco/280-Spear-St-94105/unit-33A/home/175520045,San Francisco MLS,421565964,N,Y,37.7904356,-122.3918209
MLS Listing,,Single Family Residential,230 Victoria St,SAN FRANCISCO,CA,94132,850000,2,1.0,SAN FRANCISCO,900,2495,1942,15,944,,Active,,,http://www.redfin.com/CA/San-Francisco/230-Victoria-St-94132/home/948588,MLSListings,ML81849973,N,Y,37.714909,-122.4651011
MLS Listing,,Condo/Co-op,58 Malta Dr,San Francisco,CA,94131,1795000,3,2.0,San Francisco,2003,4131,1976,15,896,33,Active,July-10-2021 01:00 PM,July-10-2021 04:00 PM,http://www.redfin.com/CA/San-Francisco/58-Malta-Dr-94131/home/1382390,San Francisco MLS,421547524,N,Y,37.735612,-122.443938
MLS Listing,,Other,631 Haight St,SAN FRANCISCO,CA,94117,2528000,9,6.0,SAN FRANCISCO,4750,3438,1885,15,532,,Active,,,http://www.redfin.com/CA/San-Francisco/631-Haight-St-94117/home/1209500,MLSListings,ML81849963,N,Y,37.77154,-122.4326425
MLS Listing,,Multi-Family (2-4 Unit),4670 - 4672 18th St,San Francisco,CA,94114,1995000,2,,San Francisco,2503,,1909,15,797,,Active,,,http://www.redfin.com/CA/San-Francisco/4670-18th-St-94114/home/672351,San Francisco MLS,421565932,N,Y,37.7606427,-122.4428051
MLS Listing,,Single Family Residential,1858 Church St,San Francisco,CA,94131,4695000,5,4.5,San Francisco,,3123,,15,,,Active,,,http://www.redfin.com/CA/San-Francisco/1858-Church-St-94131/home/1480956,San Francisco MLS,421560698,N,Y,37.7407191,-122.4269387
MLS Listing,,Single Family Residential,3634 Quintara St,San Francisco,CA,94116,1300000,2,1.0,San Francisco,,2495,1942,16,,,Active,,,http://www.redfin.com/CA/San-Francisco/3634-Quintara-St-94116/home/2033891,San Francisco MLS,421565818,N,Y,37.7475657,-122.5045869
MLS Listing,,Condo/Co-op,93 Cumberland St,San Francisco,CA,94110,5995000,4,3.5,San Francisco,5332,14891,1915,16,1124,1801,Active,,,http://www.redfin.com/CA/San-Francisco/93-Cumberland-St-94110/home/113387520,San Francisco MLS,421562002,N,Y,37.7588102,-122.4253897
MLS Listing,,Single Family Residential,460 Peninsula Ave,SAN FRANCISCO,CA,94134,980000,3,2.0,SAN FRANCISCO,1420,3284,1930,16,690,,Active,,,http://www.redfin.com/CA/San-Francisco/460-Peninsula-Ave-94134/home/2027829,MLSListings,ML81849937,N,Y,37.7098611,-122.3999811
MLS Listing,,Single Family Residential,517 - 519 Lyon St,San Francisco,CA,94117,2660000,5,3.0,San Francisco,2720,2652,1900,17,978,,Active,,,http://www.redfin.com/CA/San-Francisco/517-Lyon-St-94117/home/1756277,San Francisco MLS,421564033,N,Y,37.7757996,-122.4433528
MLS Listing,,Condo/Co-op,425 1st St #4705,San Francisco,CA,94105,979000,1,,San Francisco,710,56024,2008,17,1379,1148,Active,,,http://www.redfin.com/CA/San-Francisco/425-1st-St-94105/unit-4705/home/17306405,San Francisco MLS,421565804,N,Y,37.785708,-122.392204
MLS Listing,,Single Family Residential,337 Union St,San Francisco,CA,94133,2995000,3,3.0,San Francisco,2027,,,17,1478,,Active,,,http://www.redfin.com/CA/San-Francisco/337-Union-St-94133/home/1418174,San Francisco MLS,421565717,N,Y,37.8007948,-122.405029
MLS Listing,,Single Family Residential,1350 27th Ave,San Francisco,CA,94122,1350000,2,1.0,San Francisco,,2996,1923,17,,,Active,,,http://www.redfin.com/CA/San-Francisco/1350-27th-Ave-94122/unit-1350A/home/1061625,San Francisco MLS,421563592,N,Y,37.7622396,-122.4853884
MLS Listing,,Condo/Co-op,631 Folsom St Unit 7C,San Francisco,CA,94107,1191000,2,2.0,San Francisco,1054,38089,2009,17,1130,991,Active,,,http://www.redfin.com/CA/San-Francisco/631-Folsom-St-94107/unit-7C/home/23424367,San Francisco MLS,421558574,N,Y,37.7847302,-122.3968612
MLS Listing,,Condo/Co-op,50 Jerrold #412,San Francisco,CA,94124,979900,2,2.0,San Francisco,1238,,,17,792,525,Active,,,http://www.redfin.com/CA/San-Francisco/50-Jerrold-Ave-94124/unit-412/home/144064404,San Francisco MLS,421565472,N,Y,37.7277731,-122.3695061
MLS Listing,,Single Family Residential,1634 22nd Ave,San Francisco,CA,94122,1398000,3,2.0,San Francisco,1675,2996,1927,18,835,,Active,,,http://www.redfin.com/CA/San-Francisco/1634-22nd-Ave-94122/home/1636317,San Francisco MLS,421565373,N,Y,37.7571612,-122.4797387
MLS Listing,,Condo/Co-op,555 4th St #831,San Francisco,CA,94107,1595000,3,2.5,San Francisco,1728,63237,2007,18,923,783,Active,,,http://www.redfin.com/CA/San-Francisco/555-4th-St-94107/unit-831/home/12331174,San Francisco MLS,421564790,N,Y,37.7793967,-122.3967727
MLS Listing,,Condo/Co-op,734 - B Bay St,San Francisco,CA,94109,1200000,2,2.0,San Francisco,1400,1320,,18,857,300,Active,,,http://www.redfin.com/CA/San-Francisco/734-Bay-St-94109/home/1845096,San Francisco MLS,421565515,N,Y,37.8051352,-122.4192024
MLS Listing,,Condo/Co-op,1177 California #703,San Francisco,CA,94108,494000,0,1.0,San Francisco,411,,1978,18,1202,933,Active,,,http://www.redfin.com/CA/San-Francisco/1177-California-St-94108/unit-703/home/1571011,San Francisco MLS,421565517,N,Y,37.7913209,-122.4137552
MLS Listing,,Multi-Family (5+ Unit),216 4th Ave,San Francisco,CA,94118,7500000,3,,San Francisco,14800,5972,1904,18,507,,Active,,,http://www.redfin.com/CA/San-Francisco/216-4th-Ave-94118/home/610757,San Francisco MLS,421565484,N,Y,37.7844948,-122.4619832
MLS Listing,,Condo/Co-op,2425 Franklin Unit B,San Francisco,CA,94123-5004,1295000,3,1.0,Pacific Heights,1090,,1908,18,1188,581,Active,,,http://www.redfin.com/CA/San-Francisco/2425-Franklin-St-94123/unit-B/home/175476868,"bridgeMLS, Bay East AOR, or Contra Costa AOR",40955110,N,Y,37.796839,-122.425636
MLS Listing,,Condo/Co-op,1835 Franklin St #703,San Francisco,CA,94109,1295000,2,2.0,San Francisco,1492,8300,1965,18,868,1184,Active,,,http://www.redfin.com/CA/San-Francisco/1835-Franklin-St-94109/unit-703/home/567315,San Francisco MLS,421564767,N,Y,37.7915552,-122.4245357
MLS Listing,,Condo/Co-op,1872 Fell St,San Francisco,CA,94117,1795000,3,3.0,San Francisco,1855,3432,1900,18,968,288,Active,,,http://www.redfin.com/CA/San-Francisco/1872-Fell-St-94117/home/17306575,San Francisco MLS,421561196,N,Y,37.772941,-122.448679
MLS Listing,,Condo/Co-op,32 Ord St,San Francisco,CA,94114,2995000,3,3.5,San Francisco,2465,,,18,1215,502,Active,July-6-2021 12:30 PM,July-6-2021 02:00 PM,http://www.redfin.com/CA/San-Francisco/32-Ord-St-94114/home/1943927,San Francisco MLS,421565358,N,Y,37.763167,-122.4404618
MLS Listing,,Single Family Residential,32 Rebecca Ln,San Francisco,CA,94124,442418,2,2.0,San Francisco,1255,1024,1992,18,353,65,Active,,,http://www.redfin.com/CA/San-Francisco/32-Rebecca-Ln-94124/home/1004910,San Francisco MLS,421564801,N,Y,37.7377186,-122.382544
MLS Listing,,Single Family Residential,780 - 782 Kansas St,San Francisco,CA,94107,1998000,5,3.0,San Francisco,,,1906,18,,,Active,July-11-2021 12:00 PM,July-11-2021 02:00 PM,http://www.redfin.com/CA/San-Francisco/780-Kansas-St-94107/home/1985907,San Francisco MLS,421561915,N,Y,37.7598585,-122.4033544
MLS Listing,,Multi-Family (2-4 Unit),1670 Kirkwood Ave,San Francisco,CA,94124,2025000,8,5.0,San Francisco,3920,2495,2001,18,517,,Active,,,http://www.redfin.com/CA/San-Francisco/1670-Kirkwood-Ave-94124/home/1703663,San Francisco MLS,421563851,N,Y,37.7390885,-122.3911619
MLS Listing,,Condo/Co-op,1670 Kirkwood Ave Unit C,San Francisco,CA,94124,875000,3,2.0,San Francisco,1855,2495,2001,18,472,,Active,,,http://www.redfin.com/CA/San-Francisco/1670-Kirkwood-Ave-94124/unit-C/home/175476301,San Francisco MLS,421564927,N,Y,37.7390885,-122.3911619
MLS Listing,,Condo/Co-op,1670 Kirkwood Ave Unit A,San Francisco,CA,94124,475000,2,1.0,San Francisco,580,2495,2001,18,819,,Active,,,http://www.redfin.com/CA/San-Francisco/1670-Kirkwood-Ave-94124/unit-A/home/175476298,San Francisco MLS,421564928,N,Y,37.7390885,-122.3911619
MLS Listing,,Condo/Co-op,301 Mission St Unit 21F,San Francisco,CA,94105,2888000,3,3.0,San Francisco,1887,50667,2009,18,1530,2097,Active,,,http://www.redfin.com/CA/San-Francisco/301-Mission-St-94105/unit-21F/home/40138185,San Francisco MLS,421565300,N,Y,37.7903824,-122.3961531
MLS Listing,,Single Family Residential,224 Sea Cliff Ave,San Francisco,CA,94121,15375000,6,7.0,SFO - San Francisco,7170,8150,1926,18,2144,,Active,,,http://www.redfin.com/CA/San-Francisco/224-Sea-Cliff-Ave-94121/home/1611045,CRMLS,OC21132926,N,Y,37.7888942,-122.4884495
MLS Listing,,Condo/Co-op,1688 Pine St Unit W809,San Francisco,CA,94109,3498000,3,3.0,San Francisco,2231,35482,2016,18,1568,1150,Active,,,http://www.redfin.com/CA/San-Francisco/1688-Pine-St-94109/unit-W809/home/108942714,San Francisco MLS,421556126,N,Y,37.7895497,-122.4233697
MLS Listing,,Condo/Co-op,695 5th St #20,San Francisco,CA,94107,875000,1,2.0,San Francisco,1029,10824,1999,18,850,497,Active,,,http://www.redfin.com/CA/San-Francisco/695-5th-St-94107/unit-20/home/12396859,San Francisco MLS,421564200,N,Y,37.775696,-122.397237
MLS Listing,,Multi-Family (5+ Unit),622 - 624 Jackson St,San Francisco,CA,94133,3125000,0,,San Francisco,8517,3023,1907,18,367,,Active,,,http://www.redfin.com/CA/San-Francisco/622-Jackson-St-94133/home/175475976,San Francisco MLS,421565294,N,Y,37.7964054,-122.4056531
MLS Listing,,Condo/Co-op,280 Spear St Unit 14F,San Francisco,CA,94105,1399000,1,1.0,San Francisco,790,10000,2020,18,1771,1107,Active,,,http://www.redfin.com/CA/San-Francisco/280-Spear-St-94105/unit-14F/home/175475733,San Francisco MLS,421565296,N,Y,37.7904356,-122.3918209
MLS Listing,,Multi-Family (2-4 Unit),5358 - 5360 Mission St,San Francisco,CA,94112,1200000,2,,San Francisco,2100,2095,1925,18,571,,Active,,,http://www.redfin.com/CA/San-Francisco/5358-Mission-St-94112/home/175475516,San Francisco MLS,421564676,N,Y,37.7141069,-122.443534
MLS Listing,,Multi-Family (2-4 Unit),546 - 548 London St,San Francisco,CA,94112,1489000,5,4.0,San Francisco,2725,2500,1979,18,546,,Active,,,http://www.redfin.com/CA/San-Francisco/546-London-St-94112/home/1194531,San Francisco MLS,421564900,N,Y,37.7205763,-122.4372022
MLS Listing,,Single Family Residential,777 Silver Ave,SAN FRANCISCO,CA,94134,1895000,4,4.5,SAN FRANCISCO,2340,1698,2021,18,810,,Active,,,http://www.redfin.com/CA/San-Francisco/777-Silver-Ave-94134/home/175475114,MLSListings,ML81849614,N,Y,37.7291068,-122.4199368
MLS Listing,,Condo/Co-op,1333 Jones St Unit 1003B,San Francisco,CA,94109,1100000,1,1.0,San Francisco,,32952,1961,18,,1125,Active,,,http://www.redfin.com/CA/San-Francisco/1333-Jones-St-94109/unit-1003B/home/12399925,San Francisco MLS,421561407,N,Y,37.793648,-122.4149043
MLS Listing,,Single Family Residential,46 Staples Ave,San Francisco,CA,94131,1475000,4,3.0,San Francisco,1969,2813,1900,18,749,,Active,July-6-2021 01:30 PM,July-6-2021 03:00 PM,http://www.redfin.com/CA/San-Francisco/46-Staples-Ave-94131/home/1271970,San Francisco MLS,421564478,N,Y,37.7293091,-122.4431188
MLS Listing,,Other,3484-3486 Mission St,SAN FRANCISCO,CA,94110,1750000,5,2.0,SAN FRANCISCO,2870,3078,1904,18,610,,Active,,,http://www.redfin.com/CA/San-Francisco/3484-Mission-St-94110/home/28890829,MLSListings,ML81849017,N,Y,37.740979,-122.423188
MLS Listing,,Single Family Residential,34 Fountain St,San Francisco,CA,94114,1995000,2,1.0,San Francisco,1360,3123,1947,18,1467,,Active,July-11-2021 12:00 PM,July-11-2021 02:00 PM,http://www.redfin.com/CA/San-Francisco/34-Fountain-St-94114/home/1535180,San Francisco MLS,421563454,N,Y,37.7502719,-122.4417917
MLS Listing,,Condo/Co-op,25 Sierra St Unit W303,San Francisco,CA,94107,1650000,3,2.5,San Francisco,2024,48750,2006,18,815,965,Active,,,http://www.redfin.com/CA/San-Francisco/25-Sierra-St-94107/unit-W303/home/12277851,San Francisco MLS,421565212,N,Y,37.7581766,-122.3957327
MLS Listing,,Condo/Co-op,1980 Sutter St #201,San Francisco,CA,94115,1150000,2,1.0,San Francisco,930,27617,1984,18,1237,634,Active,,,http://www.redfin.com/CA/San-Francisco/1980-Sutter-St-94115/unit-201/home/1691317,San Francisco MLS,421564841,N,Y,37.7862668,-122.4329775
MLS Listing,,Condo/Co-op,435 China Basin St #108,San Francisco,CA,94158,950000,1,1.0,San Francisco,850,122891,2012,18,1118,815,Active,,,http://www.redfin.com/CA/San-Francisco/435-China-Basin-St-94158/unit-108/home/40629221,San Francisco MLS,421565168,N,Y,37.7719225,-122.3885494
MLS Listing,,Condo/Co-op,2448 Lombard #308,San Francisco,CA,94123,1049000,1,1.0,San Francisco,719,,2020,18,1459,599,Active,,,http://www.redfin.com/CA/San-Francisco/2448-Lombard-St-94123/unit-308/home/175474530,San Francisco MLS,421563687,N,Y,37.7993413,-122.441967
MLS Listing,,Condo/Co-op,601 4th St #210,San Francisco,CA,94107,995000,1,1.0,San Francisco,1229,42148,1916,18,810,622,Active,July-7-2021 12:30 PM,July-7-2021 02:00 PM,http://www.redfin.com/CA/San-Francisco/601-4th-St-94107/unit-210/home/12396028,San Francisco MLS,421564408,N,Y,37.778254,-122.3958876
MLS Listing,,Single Family Residential,737 Castro St,San Francisco,CA,94114,2999000,3,2.5,San Francisco,2671,2622,1900,18,1123,,Active,,,http://www.redfin.com/CA/San-Francisco/737-Castro-St-94114/home/2008646,San Francisco MLS,421560399,N,Y,37.7571141,-122.4343157
MLS Listing,,Condo/Co-op,1310 Fillmore St #303,San Francisco,CA,94115,1295000,2,2.0,San Francisco,1407,52938,2007,18,920,980,Active,,,http://www.redfin.com/CA/San-Francisco/1310-Fillmore-St-94115/unit-303/home/17306911,San Francisco MLS,421564722,N,Y,37.7816647,-122.4321387
MLS Listing,,Condo/Co-op,151 Alice B. Toklas Pl #706,San Francisco,CA,94109,1295000,2,2.0,San Francisco,1429,25240,1920,18,906,954,Active,,,http://www.redfin.com/CA/San-Francisco/151-Alice-B-Toklas-94109/unit-706/home/575745,San Francisco MLS,421563963,N,Y,37.7850997,-122.4205869
MLS Listing,,Condo/Co-op,374 Guerrero St #6,San Francisco,CA,94103,1129000,2,2.0,San Francisco,1175,4489,1981,18,961,548,Active,,,http://www.redfin.com/CA/San-Francisco/374-Guerrero-St-94103/unit-6/home/1352154,San Francisco MLS,421563332,N,Y,37.765173,-122.424451
MLS Listing,,Condo/Co-op,1688 Pine St Unit E1004,San Francisco,CA,94109,838000,1,1.0,San Francisco,,35482,2016,18,,,Active,,,http://www.redfin.com/CA/San-Francisco/1688-Pine-St-94109/unit-E1004/home/104135331,San Francisco MLS,421564026,N,Y,37.7895497,-122.4233697
MLS Listing,,Single Family Residential,296 Cresta Vista Dr,San Francisco,CA,94127,2995000,4,3.5,San Francisco,3596,,2009,18,833,,Active,,,http://www.redfin.com/CA/San-Francisco/296-Cresta-Vista-Dr-94127/home/28939420,San Francisco MLS,421560364,N,Y,37.7354001,-122.4533365
MLS Listing,,Condo/Co-op,262 Downey St,San Francisco,CA,94117,1249000,2,2.0,San Francisco,,1759,1907,18,,260,Active,,,http://www.redfin.com/CA/San-Francisco/262-Downey-St-94117/home/143842638,San Francisco MLS,421553328,N,Y,37.7644093,-122.446572
MLS Listing,,Condo/Co-op,208 States St #2,San Francisco,CA,94114,995000,2,1.0,San Francisco,871,6289,1904,18,1142,100,Active,,,http://www.redfin.com/CA/San-Francisco/208-States-St-94114/unit-2/home/40625929,San Francisco MLS,421547197,N,Y,37.763941,-122.4397298
MLS Listing,,Condo/Co-op,1000 North Point St #701,San Francisco,CA,94109,1499000,2,2.0,San Francisco,1200,26400,1963,19,1249,1621,Active,,,http://www.redfin.com/CA/San-Francisco/1000-N-Point-St-94109/unit-701/home/12395468,San Francisco MLS,421564739,N,Y,37.8055156,-122.4240961
MLS Listing,,Condo/Co-op,260 King St #815,San Francisco,CA,94107,835000,1,1.0,San Francisco,903,,2004,19,925,860,Active,,,http://www.redfin.com/CA/San-Francisco/260-King-St-94107/unit-815/home/12331060,San Francisco MLS,421564996,N,Y,37.7776624,-122.3938672
MLS Listing,,Condo/Co-op,1705 Page St #4,San Francisco,CA,94117,769000,1,1.0,San Francisco,712,4032,1900,19,1080,250,Active,,,http://www.redfin.com/CA/San-Francisco/1705-Page-St-94117/unit-4/home/1593349,San Francisco MLS,421564932,N,Y,37.7705486,-122.4490198
MLS Listing,,Condo/Co-op,1452 Bush St #3,San Francisco,CA,94109,1250000,2,2.5,San Francisco,1296,6000,2004,19,965,618,Active,,,http://www.redfin.com/CA/San-Francisco/1452-Bush-St-94109/unit-3/home/1762448,San Francisco MLS,421563848,N,Y,37.7889088,-122.4212867
MLS Listing,,Condo/Co-op,708 Long Bridge St #806,San Francisco,CA,94158,1795000,2,2.0,San Francisco,1248,84866,2016,19,1438,1213,Active,,,http://www.redfin.com/CA/San-Francisco/708-Long-Bridge-St-94158/unit-806/home/109315214,San Francisco MLS,421561840,N,Y,37.7720304,-122.3935768
MLS Listing,,Single Family Residential,180 Caine Ave,San Francisco,CA,94112,1099999,2,1.0,San Francisco,1135,2500,1940,19,969,,Active,,,http://www.redfin.com/CA/San-Francisco/180-Caine-Ave-94112/home/1076660,San Francisco MLS,421564781,N,Y,37.7153015,-122.4524519
MLS Listing,,Condo/Co-op,1071 De Haro St,San Francisco,CA,94107,1149000,2,1.0,San Francisco,,2499,1906,19,,250,Active,,,http://www.redfin.com/CA/San-Francisco/1071-De-Haro-St-94107/home/69371446,San Francisco MLS,421564800,N,Y,37.756183,-122.40056
MLS Listing,,Condo/Co-op,154 28th St #2,San Francisco,CA,94131,2600000,4,2.5,San Francisco,2494,2850,,19,1043,270,Active,,,http://www.redfin.com/CA/San-Francisco/154-28th-St-94131/unit-2/home/1286111,San Francisco MLS,421563645,N,Y,37.7455926,-122.4259777
MLS Listing,,Single Family Residential,312 Monticello St,San Francisco,CA,94132,1095000,4,2.0,San Francisco,1246,1250,,19,879,,Active,,,http://www.redfin.com/CA/San-Francisco/312-Monticello-St-94132/home/1037574,San Francisco MLS,421528032,N,Y,37.7199788,-122.470636
MLS Listing,,Single Family Residential,339 27th St,SAN FRANCISCO,CA,94131,2595000,3,2.0,SAN FRANCISCO,2222,2465,1900,19,1168,,Active,,,http://www.redfin.com/CA/San-Francisco/339-27th-St-94131/home/937946,MLSListings,ML81848688,N,Y,37.7466773,-122.4278455
MLS Listing,,Condo/Co-op,555 Fulton St #417,San Francisco,CA,94102,1552000,2,2.0,San Francisco,1041,,,19,1491,821,Active,,,http://www.redfin.com/CA/San-Francisco/555-Fulton-St-94102/unit-417/home/173331346,San Francisco MLS,421557909,N,Y,37.7781581,-122.4261091
MLS Listing,,Condo/Co-op,555 Fulton St #230,San Francisco,CA,94102,940000,1,1.0,San Francisco,714,,,19,1317,681,Active,,,http://www.redfin.com/CA/San-Francisco/555-Fulton-St-94102/unit-230/home/108314919,San Francisco MLS,421555171,N,Y,37.7781581,-122.4261091
MLS Listing,,Condo/Co-op,555 Golden Gate Ave Unit 7G,San Francisco,CA,94102,1148000,2,2.0,San Francisco,912,,2021,19,1259,632,Active,,,http://www.redfin.com/CA/San-Francisco/555-Golden-Gate-Ave-94102/unit-7G/home/175469951,San Francisco MLS,421564799,N,Y,37.7808655,-122.4196054
MLS Listing,,Condo/Co-op,555 Golden Gate Ave Unit 8B,San Francisco,CA,94102,799000,1,1.0,San Francisco,664,,2021,19,1203,573,Active,,,http://www.redfin.com/CA/San-Francisco/555-Golden-Gate-Ave-94102/unit-8B/home/175528068,San Francisco MLS,421564796,N,Y,37.7808655,-122.4196054
MLS Listing,,Condo/Co-op,555 Golden Gate Ave Unit 6H,San Francisco,CA,94102,849000,2,1.0,San Francisco,753,,2021,19,1127,597,Active,,,http://www.redfin.com/CA/San-Francisco/555-Golden-Gate-Ave-94102/unit-6H/home/175469377,San Francisco MLS,421564795,N,Y,37.7808655,-122.4196054
MLS Listing,,Condo/Co-op,1385 Minna St,San Francisco,CA,94103,800000,2,1.0,San Francisco,1044,2000,1907,19,766,250,Active,,,http://www.redfin.com/CA/San-Francisco/1385-Minna-St-94103/home/175468885,San Francisco MLS,421564741,N,Y,37.7670371,-122.4190393
MLS Listing,,Condo/Co-op,650 Steiner St #8,San Francisco,CA,94117,1050000,2,1.0,San Francisco,890,5328,1979,19,1180,500,Active,,,http://www.redfin.com/CA/San-Francisco/650-Steiner-St-94117/unit-8/home/2035922,San Francisco MLS,421564729,N,Y,37.7755047,-122.4324355
MLS Listing,,Condo/Co-op,1381 Minna St,San Francisco,CA,94103,875000,3,1.0,San Francisco,1272,2000,1907,19,688,250,Active,,,http://www.redfin.com/CA/San-Francisco/1381-Minna-St-94103/home/1980883,San Francisco MLS,421564728,N,Y,37.7670991,-122.4189104
MLS Listing,,Multi-Family (5+ Unit),2301 Scott St,San Francisco,CA,94115,6500000,8,7.5,San Francisco,6106,3044,1900,19,1065,,Active,,,http://www.redfin.com/CA/San-Francisco/2301-Scott-St-94115/home/1804450,San Francisco MLS,421563531,N,Y,37.7910631,-122.4396242
MLS Listing,,Condo/Co-op,1383 Minna St,San Francisco,CA,94103,850000,3,1.0,San Francisco,1200,2000,1907,19,708,250,Active,,,http://www.redfin.com/CA/San-Francisco/1383-Minna-St-94103/home/175468451,San Francisco MLS,421564695,N,Y,37.7670582,-122.4190413
MLS Listing,,Condo/Co-op,3171 California St,San Francisco,CA,94115,1295000,3,2.0,San Francisco,,3255,,19,,365,Active,July-6-2021 11:00 AM,July-6-2021 12:00 PM,http://www.redfin.com/CA/San-Francisco/3171-California-St-94115/home/144063649,San Francisco MLS,421563726,N,Y,37.7872019,-122.446374
MLS Listing,,Condo/Co-op,310 Townsend St #210,San Francisco,CA,94107,950000,1,1.0,San Francisco,853,16600,2006,19,1114,565,Active,July-11-2021 12:00 PM,July-11-2021 02:00 PM,http://www.redfin.com/CA/San-Francisco/310-Townsend-St-94107/unit-210/home/17306167,San Francisco MLS,421560706,N,Y,37.7769445,-122.3956663
MLS Listing,,Condo/Co-op,2002 3rd St #208,San Francisco,CA,94107,1150000,2,2.0,San Francisco,1358,16636,2002,19,847,690,Active,,,http://www.redfin.com/CA/San-Francisco/2002-3rd-St-94107/unit-208/home/12398035,San Francisco MLS,421564318,N,Y,37.763914,-122.3891164
MLS Listing,,Condo/Co-op,461 2nd St Unit C109,San Francisco,CA,94107,799000,1,1.0,San Francisco,647,56167,1907,19,1235,621,Active,July-10-2021 11:00 AM,July-10-2021 01:00 PM,http://www.redfin.com/CA/San-Francisco/461-2nd-St-94107/unit-C109/home/1309322,San Francisco MLS,421559847,N,Y,37.783797,-122.3937191
MLS Listing,,Condo/Co-op,330 Mission Bay Blvd #802,San Francisco,CA,94158,2095000,2,2.0,San Francisco,1620,50667,2009,19,1293,997,Active,,,http://www.redfin.com/CA/San-Francisco/330-Mission-Bay-Blvd-N-94158/unit-802/home/23424535,San Francisco MLS,421555534,N,Y,37.7713677,-122.3873301
MLS Listing,,Condo/Co-op,595 Belvedere St,San Francisco,CA,94117,1795000,3,2.0,San Francisco,1390,2281,1941,19,1291,246,Active,July-6-2021 12:30 PM,July-6-2021 02:00 PM,http://www.redfin.com/CA/San-Francisco/595-Belvedere-St-94117/home/12182761,San Francisco MLS,421554219,N,Y,37.7619335,-122.4479647
MLS Listing,,Condo/Co-op,555 4Th St #749,San Francisco,CA,94107,788000,1,1.0,South Beach,680,,2006,19,1159,645,Active,,,http://www.redfin.com/CA/San-Francisco/555-4th-St-94107/unit-749/home/12355075,"bridgeMLS, Bay East AOR, or Contra Costa AOR",40954721,N,Y,37.7793967,-122.3967727
MLS Listing,,Condo/Co-op,1632 Hayes St,San Francisco,CA,94117,1595000,3,1.5,San Francisco,1528,3436,1891,19,1044,250,Active,July-6-2021 11:30 AM,July-6-2021 01:00 PM,http://www.redfin.com/CA/San-Francisco/1632-Hayes-St-94117/home/595242,San Francisco MLS,421564202,N,Y,37.7745626,-122.4434474
MLS Listing,,Condo/Co-op,1 Federal St #36,San Francisco,CA,94107,839000,1,1.0,San Francisco,764,22441,2003,19,1098,740,Active,,,http://www.redfin.com/CA/San-Francisco/1-Federal-St-94107/unit-36/home/1810034,San Francisco MLS,421562376,N,Y,37.7840171,-122.3910637
MLS Listing,,Condo/Co-op,1275 Indiana St #403,San Francisco,CA,94107,1195000,2,2.0,San Francisco,1096,22713,2014,19,1090,653,Active,,,http://www.redfin.com/CA/San-Francisco/1275-Indiana-St-94107/unit-403/home/58774363,San Francisco MLS,421554703,N,Y,37.7541925,-122.3905999
MLS Listing,,Condo/Co-op,1000 3rd St #1106,San Francisco,CA,94158,1698000,2,2.0,San Francisco,1267,46014,2018,19,1340,945,Active,,,http://www.redfin.com/CA/San-Francisco/1000-3rd-St-94158/unit-1106/home/146381315,San Francisco MLS,421555541,N,Y,37.7752125,-122.3902276
MLS Listing,,Condo/Co-op,815 Union St,San Francisco,CA,94133,1385000,2,1.5,San Francisco,1475,,1911,19,939,469,Active,,,http://www.redfin.com/CA/San-Francisco/815-Union-St-94133/home/39977127,San Francisco MLS,421564177,N,Y,37.7998693,-122.4128136
MLS Listing,,Condo/Co-op,631 Ofarrell St #1116,San Francisco,CA,94109,499000,0,1.0,San Francisco,480,18438,1930,19,1040,771,Active,,,http://www.redfin.com/CA/San-Francisco/631-O-Farrell-St-94109/unit-1116/home/1187992,San Francisco MLS,421560410,N,Y,37.7852037,-122.4151808
MLS Listing,,Condo/Co-op,2057 15th St Unit C,San Francisco,CA,94114,1199000,3,1.0,San Francisco,1334,7496,1907,19,899,613,Active,,,http://www.redfin.com/CA/San-Francisco/2057-15th-St-94114/unit-C/home/175464985,San Francisco MLS,421563199,N,Y,37.765818,-122.430224
MLS Listing,,Single Family Residential,2217 16th Ave,San Francisco,CA,94116,1300000,3,1.0,San Francisco,1425,2861,1929,19,912,,Active,,,http://www.redfin.com/CA/San-Francisco/2217-16th-Ave-94116/home/657896,San Francisco MLS,421559838,N,Y,37.7465403,-122.4730171
MLS Listing,,Condo/Co-op,181 Ofarrell St #514,San Francisco,CA,94102,950000,1,1.5,San Francisco,1080,,1907,19,880,689,Active,,,http://www.redfin.com/CA/San-Francisco/181-O-Farrell-St-94102/unit-514/home/17306677,San Francisco MLS,421544686,N,Y,37.7862743,-122.4075642
MLS Listing,,Condo/Co-op,425 1st St #4007,San Francisco,CA,94105,1198000,1,1.0,San Francisco,819,56024,2008,20,1463,1170,Active,,,http://www.redfin.com/CA/San-Francisco/425-1st-St-94105/unit-4007/home/17304870,San Francisco MLS,421555062,N,Y,37.785708,-122.392204
MLS Listing,,Condo/Co-op,146 Portola Dr #101,San Francisco,CA,94131,649000,1,1.0,San Francisco,719,4338,1963,20,903,677,Active,,,http://www.redfin.com/CA/San-Francisco/146-Portola-Dr-94131/unit-101/home/12354832,San Francisco MLS,421564309,N,Y,37.748677,-122.4443131
MLS Listing,,Multi-Family (2-4 Unit),2610 - 2612 Greenwich St,San Francisco,CA,94123,4000000,5,4.5,San Francisco,1800,2809,1915,20,2222,,Active,,,http://www.redfin.com/CA/San-Francisco/2610-Greenwich-St-94123/unit-2612/home/2010192,San Francisco MLS,421563734,N,Y,37.7983177,-122.4428317
MLS Listing,,Condo/Co-op,3215 21st St Unit C,San Francisco,CA,94110,1795000,3,2.0,San Francisco,1654,1974,2007,20,1085,705,Active,,,http://www.redfin.com/CA/San-Francisco/3215-21st-St-94110/unit-C/home/17306297,San Francisco MLS,421563561,N,Y,37.7568598,-122.4194062
MLS Listing,,Condo/Co-op,1 Daniel Burnham Ct #1002,SAN FRANCISCO,CA,94109,759000,1,1.0,SAN FRANCISCO,772,,1988,20,983,802,Active,,,http://www.redfin.com/CA/San-Francisco/1-Daniel-Burnham-Ct-94109/unit-1002/home/1683461,MLSListings,ML81849200,N,Y,37.786783,-122.4219061
MLS Listing,,Single Family Residential,159 Harold Ave,San Francisco,CA,94112,999000,4,2.0,Lake District,1400,3515,1907,20,714,,Active,,,http://www.redfin.com/CA/San-Francisco/159-Harold-Ave-94112/home/928014,"bridgeMLS, Bay East AOR, or Contra Costa AOR",40954544,N,Y,37.7211297,-122.4533918
MLS Listing,,Condo/Co-op,1177 California #722,San Francisco,CA,94108,648000,0,1.0,San Francisco,535,,1978,20,1211,1019,Active,,,http://www.redfin.com/CA/San-Francisco/1177-California-St-94108/unit-722/home/548311,San Francisco MLS,421563888,N,Y,37.7913209,-122.4137552
MLS Listing,,Condo/Co-op,338 Main St Unit 3H,San Francisco,CA,94105,1100000,1,1.0,San Francisco,854,,2016,20,1288,1125,Active,,,http://www.redfin.com/CA/San-Francisco/338-Main-St-94105/unit-3H/home/109278660,San Francisco MLS,421564073,N,Y,37.7886733,-122.3914178
MLS Listing,,Condo/Co-op,77 Van Ness Ave #805,San Francisco,CA,94102,949000,1,1.0,San Francisco,948,13040,2009,20,1001,614,Active,,,http://www.redfin.com/CA/San-Francisco/77-Van-Ness-Ave-94102/unit-805/home/40138515,San Francisco MLS,421563709,N,Y,37.7760549,-122.4199372
MLS Listing,,Single Family Residential,245 Roanoke St,San Francisco,CA,94131,1849000,2,2.0,San Francisco,,,1939,20,,,Active,July-6-2021 12:30 PM,July-6-2021 02:00 PM,http://www.redfin.com/CA/San-Francisco/245-Roanoke-St-94131/home/809284,San Francisco MLS,421561457,N,Y,37.7352001,-122.429748
MLS Listing,,Single Family Residential,2913 California St,San Francisco,CA,94115,1800000,2,1.0,San Francisco,1355,3781,1900,20,1328,,Active,,,http://www.redfin.com/CA/San-Francisco/2913-California-St-94115/home/1011716,San Francisco MLS,421563273,N,Y,37.7876644,-122.442786
MLS Listing,,Single Family Residential,265 San Anselmo Ave,San Francisco,CA,94127,3975000,4,3.5,San Francisco,4345,7662,1929,20,915,298,Active,,,http://www.redfin.com/CA/San-Francisco/265-San-Anselmo-Ave-94127/home/1494616,San Francisco MLS,421562394,N,Y,37.733451,-122.4647473
MLS Listing,,Single Family Residential,1429 Sacramento St,San Francisco,CA,94109,3195000,5,3.5,San Francisco,3265,,1908,20,979,,Active,,,http://www.redfin.com/CA/San-Francisco/1429-Sacramento-St-94109/home/1287267,San Francisco MLS,421556780,N,Y,37.791972,-122.4166096
MLS Listing,,Single Family Residential,513 Hickory St,San Francisco,CA,94102,3695000,3,3.5,San Francisco,,1372,1992,20,,,Active,,,http://www.redfin.com/CA/San-Francisco/513-Hickory-St-94102/home/1555173,San Francisco MLS,421534506,N,Y,37.7746511,-122.428465
MLS Listing,,Single Family Residential,1344 Eddy St,San Francisco,CA,94115,1599900,3,2.0,Lower Pac Hts,1900,960,2007,21,842,,Active,,,http://www.redfin.com/CA/San-Francisco/1344-Eddy-St-94115/home/17306390,"bridgeMLS, Bay East AOR, or Contra Costa AOR",40954457,N,Y,37.7818794,-122.4296292
MLS Listing,,Single Family Residential,90 Rotteck St,San Francisco,CA,94122,1549000,4,2.5,San Francisco,2103,1250,1926,21,737,,Active,July-6-2021 02:30 PM,July-6-2021 04:00 PM,http://www.redfin.com/CA/San-Francisco/90-Rotteck-St-94112/home/811951,San Francisco MLS,421563625,N,Y,37.7315004,-122.4308438
MLS Listing,,Condo/Co-op,551 Hudson Ave #201,San Francisco,CA,94124,699000,2,2.0,San Francisco,957,19792,2015,21,730,545,Active,,,http://www.redfin.com/CA/San-Francisco/551-Hudson-Ave-94124/unit-201/home/144064373,San Francisco MLS,421563723,N,Y,37.728813,-122.3688888
MLS Listing,,Condo/Co-op,8100 oceanview #301,San Francisco,CA,94132,669000,1,1.0,City,669,,2002,21,1000,609,Active,,,http://www.redfin.com/CA/San-Francisco/8100-Oceanview-Ter-94132/unit-301/home/1432425,"bridgeMLS, Bay East AOR, or Contra Costa AOR",40954334,N,Y,37.7101487,-122.4668222
MLS Listing,,Condo/Co-op,901 Bayshore Blvd #209,San Francisco,CA,94124,430000,1,1.0,San Francisco,527,15164,2003,21,816,384,Active,,,http://www.redfin.com/CA/San-Francisco/901-Bayshore-Blvd-94124/unit-209/home/12401994,San Francisco MLS,421563620,N,Y,37.7326967,-122.4042956
MLS Listing,,Single Family Residential,833 Ingerson Ave,SAN FRANCISCO,CA,94124,1299000,5,3.0,SAN FRANCISCO,2401,2500,2006,22,541,,Active,,,http://www.redfin.com/CA/San-Francisco/833-Ingerson-Ave-94124/home/12226696,MLSListings,ML81848887,N,Y,37.717247,-122.390272
MLS Listing,,Condo/Co-op,300 Valley St #5,San Francisco,CA,94131,2249000,2,2.0,San Francisco,2147,11103,1999,22,1048,715,Active,July-6-2021 12:30 PM,July-6-2021 02:00 PM,http://www.redfin.com/CA/San-Francisco/300-Valley-St-94131/unit-5/home/2009315,San Francisco MLS,421555251,N,Y,37.7445131,-122.4294049
MLS Listing,,Condo/Co-op,3981 Alemany Blvd #216,SAN FRANCISCO,CA,94132,548800,1,1.0,SAN FRANCISCO,513,,2002,22,1070,562,Active,,,http://www.redfin.com/CA/San-Francisco/3981-Alemany-Blvd-94132/unit-216/home/1234221,MLSListings,ML81848844,N,Y,37.7105232,-122.4688479
MLS Listing,,Single Family Residential,280 Williams Ave,San Francisco,CA,94124,1080000,3,3.0,San Francisco,1500,2500,1988,22,720,,Active,,,http://www.redfin.com/CA/San-Francisco/280-Williams-Ave-94124/home/753661,San Francisco MLS,421563522,N,Y,37.730317,-122.3985207
MLS Listing,,Multi-Family (5+ Unit),81 - 83 Woodward St,San Francisco,CA,94103,1850000,6,1.0,San Francisco,4004,1746,1908,22,462,,Active,,,http://www.redfin.com/CA/San-Francisco/81-Woodward-St-94103/home/702471,San Francisco MLS,421561479,N,Y,37.7686985,-122.420631
MLS Listing,,Condo/Co-op,151 Alice B. Toklas Pl #709,San Francisco,CA,94109,1895000,1,2.0,San Francisco,1691,25240,1920,22,1121,1039,Active,,,http://www.redfin.com/CA/San-Francisco/151-Alice-B-Toklas-94109/unit-709/home/1562102,San Francisco MLS,421562372,N,Y,37.7850997,-122.4205869
MLS Listing,,Condo/Co-op,280 Spear St Unit 7H,San Francisco,CA,94105,1695000,3,2.0,San Francisco,1457,47916,,22,1163,1284,Active,,,http://www.redfin.com/CA/San-Francisco/280-Spear-St-94105/unit-7H/home/160775696,San Francisco MLS,421563372,N,Y,37.7903739,-122.3913812
MLS Listing,,Single Family Residential,2644 Larkin St,San Francisco,CA,94109,2995000,3,3.5,San Francisco,2776,3023,1900,22,1079,,Active,July-6-2021 09:30 AM,July-6-2021 11:00 AM,http://www.redfin.com/CA/San-Francisco/2644-Larkin-St-94109/home/538223,San Francisco MLS,421560839,N,Y,37.802466,-122.42109
MLS Listing,,Single Family Residential,473 Andover St,San Francisco,CA,94110,3500000,4,2.0,San Francisco,3200,3497,1928,22,1094,,Active,,,http://www.redfin.com/CA/San-Francisco/473-Andover-St-94110/home/765241,San Francisco MLS,421560268,N,Y,37.7376142,-122.4163533
MLS Listing,,Condo/Co-op,1940 Broadway Unit 3W,San Francisco,CA,94109,3225000,3,2.5,San Francisco,2086,,1925,22,1546,2050,Active,,,http://www.redfin.com/CA/San-Francisco/1940-Broadway-94109/unit-003W/home/12400824,San Francisco MLS,421536064,N,Y,37.7952733,-122.4294493
MLS Listing,,Single Family Residential,253 - 255 Lee Ave,San Francisco,CA,94112,1975000,5,3.0,San Francisco,2280,2809,1910,22,866,,Active,,,http://www.redfin.com/CA/San-Francisco/253-Lee-Ave-94112/home/2009389,BAREIS,421559440,N,Y,37.72286,-122.4544265
MLS Listing,,Single Family Residential,306 Delano Ave,San Francisco,CA,94112,1550000,2,1.0,San Francisco,1200,3480,1925,22,1292,,Active,,,http://www.redfin.com/CA/San-Francisco/306-Delano-Ave-94112/home/1043498,San Francisco MLS,421562449,N,Y,37.724303,-122.4427759
MLS Listing,,Condo/Co-op,228 Scott St,SAN FRANCISCO,CA,94117,1495000,2,2.0,SAN FRANCISCO,1162,,1900,23,1287,404,Active,,,http://www.redfin.com/CA/San-Francisco/228-Scott-St-94117/home/1640841,MLSListings,ML81848734,N,Y,37.772017,-122.435179
MLS Listing,,Multi-Family (5+ Unit),414 - 424 3rd Ave,San Francisco,CA,94118,4300000,11,4.0,San Francisco,7845,6000,1907,23,548,,Active,,,http://www.redfin.com/CA/San-Francisco/414-3rd-Ave-94118/home/922989,San Francisco MLS,421563265,N,Y,37.7806661,-122.4607038
MLS Listing,,Condo/Co-op,1868 Van Ness Ave #206,SAN FRANCISCO,CA,94109,895000,1,1.0,SAN FRANCISCO,605,,2017,24,1479,644,Active,,,http://www.redfin.com/CA/San-Francisco/1868-Van-Ness-Ave-94109/unit-206/home/163404642,MLSListings,ML81848652,N,Y,37.7929464,-122.422437
MLS Listing,,Single Family Residential,1014 Shotwell St,San Francisco,CA,94110,3695000,7,5.0,San Francisco,3830,3672,1899,24,965,,Active,,,http://www.redfin.com/CA/San-Francisco/1014-Shotwell-St-94110/home/2025218,San Francisco MLS,421558539,N,Y,37.7519024,-122.4154242
